wc_id,handle,old_title,current_title,title_similarity,old_brand,current_brand,brand_exact,old_price,current_price,price_mode,price_mismatch,old_short_len,current_short_len,technical_len,technical_similarity_to_old_short,technical_suspicious_end,old_long_description_len,current_has_long_description,old_specs,current_specs,missing_old_specs,changed_same_key_specs,added_specs,old_images,current_images,missing_current_image_files,dropped_old_images,published_old
10714,lana-de-roca-rockwool-prorox-sl-920,Panel de Lana de Roca ROCKWOOL ProRox SL 920 NA (Ligero 48 kg/m³) para Aislamiento Térmico Intermedio (Hasta 650°C) en Paredes Verticales y Horizontales,Panel de Lana de Roca ROCKWOOL ProRox SL 920 NA (Ligero 48 kg/m³) para Aislamiento Térmico Intermedio (Hasta 650°C) en Paredes Verticales y Horizontales,1.0,Rockwool,Rockwool,True,50.0,39.0,fixed,True,1398,1167,156,0.1275,False,817,True,11,13,0,3,2,1,1,0,0,1
10717,panel-de-lana-de-roca-rockwool-prorox-sl-940,"Panel de Lana de Roca ROCKWOOL ProRox SL 940 NA (Semirrígido) para Alta Temperatura (Hasta 650°C), Densidad Media (80 kg/m³) y Aislamiento de Tanques y Equipos","Panel de Lana de Roca ROCKWOOL ProRox SL 940 NA (Semirrígido) para Alta Temperatura (Hasta 650°C), Densidad Media (80 kg/m³) y Aislamiento de Tanques y Equipos",1.0,Rockwool,Rockwool,True,960.0,890.0,fixed,True,1418,1187,242,0.3042,False,891,True,12,12,0,0,0,1,1,0,0,1
10720,panel-de-lana-de-roca-rockwool-prorox-sl-960,"Panel de Lana de Roca ROCKWOOL ProRox SL 960 NA (Rígido) para Alta Temperatura (Hasta 650°C / 1200°F), Resistente al Fuego y Corrosión, Ideal para Calderas y Hornos Industriales","Panel de Lana de Roca ROCKWOOL ProRox SL 960 NA (Rígido) para Alta Temperatura (Hasta 650°C / 1200°F), Resistente al Fuego y Corrosión, Ideal para Calderas y Hornos Industriales",1.0,Rockwool,Rockwool,True,850.0,790.0,fixed,True,1323,1092,277,0.3611,False,839,True,10,10,0,0,0,1,1,0,0,1
10723,lana-de-roca-rockwool-durock-386,Panel Rígido de Lana de Roca ROCKWOOL Durock 386 / Bigpanel (Doble Densidad 210/135 kg/m³) Incombustible para Aislamiento Térmico y Acústico de Cubiertas Deck Metálicas,Panel Rígido de Lana de Roca ROCKWOOL Durock 386 / Bigpanel (Doble Densidad 210/135 kg/m³) Incombustible para Aislamiento Térmico y Acústico de Cubiertas Deck Metálicas,1.0,Rockwool,Rockwool,True,420.0,370.0,fixed,True,1530,1296,287,0.3284,False,822,True,11,11,0,0,0,1,1,0,0,1
10726,panel-de-lana-de-roca-termolan-pn100,"Panel de Lana de Roca Termolan Rocterm PN100 (100 kg/m³) de Alta Densidad, Incombustible (Clase A1) para Aislamiento Acústico y Térmico Industrial (1200x600x50 mm)","Panel de Lana de Roca Termolan Rocterm PN100 (100 kg/m³) de Alta Densidad, Incombustible (Clase A1) para Aislamiento Acústico y Térmico Industrial (1200x600x50 mm)",1.0,Termolan,Termolan,True,402.0,350.0,fixed,True,1459,1225,265,0.323,False,830,True,11,11,0,0,0,1,1,0,0,1
10729,cintas-aislante-foam-tape,Cinta de Aislamiento Térmico de Espuma Elastomérica (Célula Cerrada) Autoadhesiva con Recubrimiento de Polietileno para Tuberías de Aire Acondicionado y Refrigeración (Rollo 50mm x 10m),Cinta de Aislamiento Térmico de Espuma Elastomérica (Célula Cerrada) Autoadhesiva con Recubrimiento de Polietileno para Tuberías de Aire Acondicionado y Refrigeración (Rollo 50mm x 10m),1.0,,Control Nautas,False,140.0,119.0,fixed,True,1331,1100,211,0.0111,False,792,True,10,10,0,0,0,1,1,0,0,1
10732,sensor-rtd-con-cabezal-y-conexion-a-proceso,"Sensor de Temperatura RTD Pt100 Industrial (-200°C a +600°C) con Cabezal de Conexión, Rosca a Proceso 1/2"" NPT/BSP y Vaina de Acero Inoxidable 316 para Gases y Líquidos","Sensor de Temperatura RTD Pt100 Industrial (-200°C a +600°C) con Cabezal de Conexión, Rosca a Proceso 1/2"" NPT/BSP y Vaina de Acero Inoxidable 316 para Gases y Líquidos",1.0,MPI,MPI,True,1200.0,990.0,fixed,True,1412,1213,248,0.305,False,778,True,9,9,0,0,0,1,1,0,0,1
10735,sensor-rtd-con-cabezal-din-b,"Sensor RTD Pt100 Industrial (Completo) con Cabezal Aluminio DIN B, Termopozo de Protección Roscado/Bridado y Niple de Extensión para Reemplazo Fácil","Sensor RTD Pt100 Industrial (Completo) con Cabezal Aluminio DIN B, Termopozo de Protección Roscado/Bridado y Niple de Extensión para Reemplazo Fácil",1.0,MPI,MPI,True,900.0,830.0,fixed,True,1514,1283,271,0.0072,False,916,True,9,9,0,0,0,1,1,0,0,1
10738,sensor-rtd-con-cabezal-de-acero-inoxidable,"Sensor de Temperatura RTD310 de Inmersión (Pt100 / Pt1000) con Cabezal de Conexión en Acero Inoxidable, Rosca a Proceso Configurable (NPT/BSP) y Precisión Ajustable (Hasta 1/10 DIN)","Sensor de Temperatura RTD310 de Inmersión (Pt100 / Pt1000) con Cabezal de Conexión en Acero Inoxidable, Rosca a Proceso Configurable (NPT/BSP) y Precisión Ajustable (Hasta 1/10 DIN)",1.0,MPI,MPI,True,380.0,330.0,fixed,True,1397,1166,224,0.0105,False,950,True,9,9,0,0,0,1,1,0,0,1
10741,sensor-rtd-con-termopozo-higienico,"Sensor de Temperatura RTD Pt100 Sanitario (Clase A) con Conexión Tri-Clamp 1.5"", Cabezal Higiénico de Poliamida Blanco y Vaina de Acero Inoxidable 316L para Alimentos y Farmacéutica","Sensor de Temperatura RTD Pt100 Sanitario (Clase A) con Conexión Tri-Clamp 1.5"", Cabezal Higiénico de Poliamida Blanco y Vaina de Acero Inoxidable 316L para Alimentos y Farmacéutica",1.0,MPI,MPI,True,920.0,890.0,fixed,True,1429,1198,253,0.3118,False,798,True,9,9,0,0,0,1,1,0,0,1
10744,termopozos,"Termopozos Industriales de Alta Presión (Hasta 2500#) en Acero Inoxidable y Aleaciones Exóticas (Monel, Hastelloy) con Conexión Bridada, Roscada o Soldada","Termopozos Industriales de Alta Presión (Hasta 2500#) en Acero Inoxidable y Aleaciones Exóticas (Monel, Hastelloy) con Conexión Bridada, Roscada o Soldada",1.0,MPI,MPI,True,480.0,390.0,fixed,True,1357,1164,238,0.3105,False,873,True,9,9,0,0,0,1,1,0,0,1
10747,sensor-flexible-novus-fsb,"Novus Sensor de Temperatura Ajustable Serie FSB (Termocupla J / Pt100) con Adaptador de Bayoneta, Resorte de Compresión y Cable Trenzado para Maquinaria Plástica","Novus Sensor de Temperatura Ajustable Serie FSB (Termocupla J / Pt100) con Adaptador de Bayoneta, Resorte de Compresión y Cable Trenzado para Maquinaria Plástica",1.0,Novus,Novus,True,122.0,89.0,fixed,True,1394,1163,238,0.2275,False,808,True,10,10,0,0,0,1,1,0,0,1
10750,sensores-con-empunadura-y-cable-serie-hsc,"Novus Sensor de Temperatura Portátil Serie HSC para Alimentos con Empuñadura Ergonómica, Varilla de Acero Inoxidable y Conector Miniatura (Tipo K / T)","Novus Sensor de Temperatura Portátil Serie HSC para Alimentos con Empuñadura Ergonómica, Varilla de Acero Inoxidable y Conector Miniatura (Tipo K / T)",1.0,Novus,Novus,True,512.0,479.0,fixed,True,1362,1131,243,0.0837,False,982,True,10,10,0,0,0,1,1,0,0,1
10753,sensores-con-cabezal-de-proteccion-sph,"Novus Sensor de Temperatura Pt100 Industrial (Serie SPH) con Cabezal de Aluminio, Sonda de Acero Inoxidable 316 (6x150 mm) y Rosca 1/2"" BSP para Procesos de hasta 300°C","Novus Sensor de Temperatura Pt100 Industrial (Serie SPH) con Cabezal de Aluminio, Sonda de Acero Inoxidable 316 (6x150 mm) y Rosca 1/2"" BSP para Procesos de hasta 300°C",1.0,Novus,Novus,True,310.0,299.0,fixed,True,1453,1222,260,0.3188,False,911,True,11,11,0,0,0,1,1,0,0,1
10756,sensores-con-punta-de-metal,Sensores de Temperatura con Punta de Metal Serie SMT Novus (Pt100 / Termocupla),Sensores de Temperatura con Punta de Metal Serie SMT Novus (Pt100 / Termocupla),1.0,Novus,Novus,True,102.0,89.0,fixed,True,1331,1100,200,0.2752,False,1038,True,11,11,0,0,0,1,1,0,0,1
10759,sensores-con-transmisor-incorporado-serie-bts,Sensores de Temperatura Inteligentes Serie BTS - Transmisor Incorporado (4-20mA / RS485),Sensores de Temperatura Inteligentes Serie BTS - Transmisor Incorporado (4-20mA / RS485),1.0,Novus,Novus,True,417.0,405.0,fixed,True,1500,1269,286,0.3333,False,811,True,13,13,0,0,0,1,1,0,0,1
10762,sistema-de-calefaccion-electrico-para-la-circulacion-de-combustible,Sistema de Calentamiento de Circulación 90KW (480V) - Panel Purga/Presurización y Registrador PPR-1800,Sistema de Calentamiento de Circulación 90KW (480V) - Panel Purga/Presurización y Registrador PPR-1800,1.0,Control Nautas,Control Nautas,True,32400.0,29300.0,fixed,True,1631,1400,175,0.2011,False,874,True,11,11,0,0,0,1,1,0,0,1
10765,sistema-de-calefaccion-electrico-para-conductos,Calentador de Aire de Proceso 70KW (380V) - Controlador PID TEC-4100 y Soplador 1500 CFM,Calentador de Aire de Proceso 70KW (380V) - Controlador PID TEC-4100 y Soplador 1500 CFM,1.0,Control Nautas,Control Nautas,True,25000.0,22400.0,fixed,True,1460,1229,197,0.2513,False,914,True,11,11,0,0,0,1,1,0,0,1
10768,sistema-de-calefaccion-electrico-para-la-circulacion-de-fluidos-diversos,Sistema de Calentamiento de Proceso 200KW (480V) - Controlador PID TEC-4100 y Potencia SCR 300A,Sistema de Calentamiento de Proceso 200KW (480V) - Controlador PID TEC-4100 y Potencia SCR 300A,1.0,Control Nautas,Control Nautas,True,80000.0,73500.0,fixed,True,1497,1266,233,0.2825,False,794,True,11,11,0,0,0,1,1,0,0,1
10771,sistema-de-calefaccion-de-inmersion-con-caja-electrica,Sistema de Calentamiento para Tanque Profundo 10KW - Controlador PID TEC-4100 y Caja NEMA 4X,Sistema de Calentamiento para Tanque Profundo 10KW - Controlador PID TEC-4100 y Caja NEMA 4X,1.0,MPI,MPI,True,16200.0,15300.0,fixed,True,1528,1297,244,0.289,False,842,True,11,11,0,0,0,1,1,0,0,1
10774,registrador-de-datos-industrial-multicanales-fieldlogger,"Registrador de Datos Industrial Novus FieldLogger (512k/SD) - 8 Canales Universales, Ethernet, USB y Modbus","Registrador de Datos Industrial Novus FieldLogger (512k/SD) - 8 Canales Universales, Ethernet, USB y Modbus",1.0,Novus,Novus,True,5440.0,5269.0,fixed,True,1583,1352,286,0.3165,False,942,True,13,13,0,0,0,9,9,0,0,1
10793,controlador-de-temperatura-n1040-novus,"Novus N1040 (1/16 DIN 48x48mm) - Controlador de Temperatura Novus Económico, Compacto y con Conexión USB","Novus N1040 (1/16 DIN 48x48mm) - Controlador de Temperatura Novus Económico, Compacto y con Conexión USB",1.0,Novus,Novus,True,465.0,465.0,fixed,False,1437,1206,244,0.3033,False,767,True,12,12,0,0,0,2,2,0,0,1
10798,controlador-de-temperatura-n1050,"Novus N1050 (1/16 DIN) - Controlador PID de Temperatura Pantalla LCD Multicolor, Rampa y Meseta y Conexión USB","Novus N1050 (1/16 DIN) - Controlador PID de Temperatura Pantalla LCD Multicolor, Rampa y Meseta y Conexión USB",1.0,Novus,Novus,True,620.0,589.0,fixed,True,1594,1363,282,0.3155,False,875,True,12,12,0,0,0,6,6,0,0,1
10811,controlador-de-proceso-n1200-novus,"Novus N1200 (1/16 DIN 48x48mm) - Controlador PID Alta Velocidad, PID Auto-Adaptativo y Programador de Rampas","Novus N1200 (1/16 DIN 48x48mm) - Controlador PID Alta Velocidad, PID Auto-Adaptativo y Programador de Rampas",1.0,Novus,Novus,True,864.0,864.0,fixed,False,1523,1292,261,0.3063,False,838,True,13,13,0,0,0,6,6,0,0,1
10824,indicador-de-proceso-universal-n1500,"Novus N1500 (1/8 DIN 96x48mm) - Indicador de Procesos Universal Alta Resolución, Entrada Universal y 4 Alarmas","Novus N1500 (1/8 DIN 96x48mm) - Indicador de Procesos Universal Alta Resolución, Entrada Universal y 4 Alarmas",1.0,Novus,Novus,True,832.8,832.8,fixed,False,1503,1272,272,0.3236,False,935,True,12,12,0,0,0,7,7,0,0,1
10839,controlador-universal-n2000,"Novus N2000 (1/8 DIN 48x96mm) - Controlador de Procesos Universal PID Auto-Sintonía, Rampa y Meseta y USB","Novus N2000 (1/8 DIN 48x96mm) – Controlador de Procesos Universal PID Auto-Sintonía, Rampa y Meseta y USB",1.0,Novus,Novus,True,711.6,711.6,fixed,False,1543,1312,169,0.1441,False,866,True,13,16,0,3,3,2,2,0,0,1
10844,controlador-de-procesos-universal-n3000,"Novus N3000 (1/4 DIN 96x96mm) - Controlador de Procesos Universal PID, Entrada Universal, Modbus RTU y USB","Novus N3000 (1/4 DIN 96x96mm) - Controlador de Procesos Universal PID, Entrada Universal, Modbus RTU y USB",1.0,Novus,Novus,True,666.0,666.0,fixed,False,1616,1385,291,0.3172,False,846,True,13,13,0,0,0,2,2,0,0,1
10849,controlador-novus-n323-pt100-rs485,Novus N323 Pt100 RS485 – Controlador de Temperatura Termostato Digital Industrial con 3 Relés y Comunicación Modbus,Novus N323 Pt100 RS485 – Controlador de Temperatura Termostato Digital Industrial con 3 Relés y Comunicación Modbus,1.0,Novus,Novus,True,378.0,378.0,fixed,False,908,843,238,0.4205,False,1469,True,5,5,0,0,0,4,4,0,0,1
10858,controlador-de-temperatura-n480d-novus,"Novus N480D (1/16 DIN 48x48mm) - Controlador de Temperatura Entrada Universal, PID con Auto-Sintonía y Salida Doble (Relé + Pulso)","Novus N480D (1/16 DIN 48x48mm) - Controlador de Temperatura Entrada Universal, PID con Auto-Sintonía y Salida Doble (Relé + Pulso)",1.0,Novus,Novus,True,675.6,675.6,fixed,False,1423,1192,227,0.2889,False,851,True,12,12,0,0,0,1,1,0,0,1
10861,controlador-de-temperatura-novus-n960,"Novus N960 (1/4 DIN 96x96mm) - Controlador de Temperatura Entrada Universal, PID Auto-Sintonía y Display Gigante","Novus N960 (1/4 DIN 96x96mm) - Controlador de Temperatura Entrada Universal, PID Auto-Sintonía y Display Gigante",1.0,Novus,Novus,True,495.6,495.6,fixed,False,1502,1271,276,0.3267,False,854,True,12,12,0,0,0,1,1,0,0,1
10864,transmisor-de-temperatura-y-humedad-rht-climate,"Transmisor de Humedad y Temperatura Novus RHT Climate (4-20mA / 0-10V) - Pantalla LCD, Modbus RTU y Cálculos Psicrométricos","Transmisor de Humedad y Temperatura Novus RHT Climate (4-20mA / 0-10V) - Pantalla LCD, Modbus RTU y Cálculos Psicrométricos",1.0,Novus,Novus,True,954.0,954.0,fixed,False,1426,1215,287,0.0292,False,886,True,12,12,0,0,0,3,3,0,0,1
10871,transmisor-de-temperatura-y-humedad-rht-wm-y-rht-dm,Novus RHT-WM y RHT-DM (4-20mA) - Transmisores de Humedad y Temperatura Montaje Pared y Ducto con Alta Precisión,Novus RHT-WM y RHT-DM (4-20mA) - Transmisores de Humedad y Temperatura Montaje Pared y Ducto con Alta Precisión,1.0,Novus,Novus,True,882.0,882.0,fixed,False,1474,1243,288,0.0098,False,859,True,12,12,0,0,0,1,1,0,0,1
10874,transmisor-temperatura-para-cabezal-txblock-usb,"Transmisor de Temperatura de Cabezal Novus TxBlock-USB (4-20mA) - Entrada Universal, Configurable por USB y Alta Precisión","Transmisor de Temperatura de Cabezal Novus TxBlock-USB (4-20mA) - Entrada Universal, Configurable por USB y Alta Precisión",1.0,Novus,Novus,True,280.0,250.0,fixed,True,1369,1138,260,0.0081,False,854,True,10,10,0,0,0,4,4,0,0,1
10883,transmisor-temperatura-para-riel-din-txrail-usb,Transmisor de Temperatura Universal Novus TxRail-USB (4-20mA / 0-10V) - Configurable por USB para PT100 y Termocuplas,Transmisor de Temperatura Universal Novus TxRail-USB (4-20mA / 0-10V) - Configurable por USB para PT100 y Termocuplas,1.0,Novus,Novus,True,320.0,288.0,fixed,True,1457,1226,257,0.0115,False,904,True,11,11,0,0,0,1,1,0,0,1
10886,transmisor-de-temperatura-y-humedad-rht-p10-rht-xs,"Novus RHT-P10 / RHT-XS (4-20mA) - Transmisor de Humedad y Temperatura Configurable, Alta Precisión para Ambientes Industriales","Novus RHT-P10 / RHT-XS (4-20mA) - Transmisor de Humedad y Temperatura Configurable, Alta Precisión para Ambientes Industriales",1.0,Novus,Novus,True,1089.6,1089.6,fixed,False,1486,1255,264,0.1221,False,896,True,13,13,0,0,0,1,1,0,0,1
10889,discos-de-ruptura-para-extrusoras,Discos de Ruptura para Extrusión (Burst Plugs) de Inconel - Seguridad Certificada para Extrusoras de Plástico (1/2-20 UNF y Métricas),Discos de Ruptura para Extrusión (Burst Plugs) de Inconel - Seguridad Certificada para Extrusoras de Plástico (1/2-20 UNF y Métricas),1.0,MPI,MPI,True,550.0,499.0,fixed,True,1505,1274,247,0.0074,False,921,True,9,9,0,0,0,5,5,0,0,1
10900,transmisores-y-transductores-industriales-de-presion-mpi-dynisco-gefran-gentran,"Transductores de Presión de Fusión Certificados (Melt) - Reemplazo Universal 100% Compatible para Dynisco, Gefran y GP50 (mV/V, 4-20mA)","Transductores de Presión de Fusión Certificados (Melt) - Reemplazo Universal 100% Compatible para Dynisco, Gefran y GP50 (mV/V, 4-20mA)",1.0,MPI,MPI,True,4280.0,3490.0,fixed,True,1408,1177,252,0.3165,False,834,True,10,10,0,0,0,4,4,0,0,1
10920,x2-ocs-micro-plc-todo-en-uno,"Controlador PLC + HMI Horner X2 OCS (HE-X2) con Pantalla Transflectiva 2.2"", Teclado Integrado, E/S Flexibles y Comunicación Serial/CAN","Controlador PLC + HMI Horner X2 OCS (HE-X2) con Pantalla Transflectiva 2.2"", Teclado Integrado, E/S Flexibles y Comunicación Serial/CAN",1.0,Horner,Horner,True,2100.0,1799.0,fixed,True,1566,1335,140,0.1692,False,728,True,14,14,0,0,0,9,9,0,0,1
10939,horner-xlee-xl-ocs,"Controlador PLC + HMI Horner XLEe OCS (HE-XE) con Pantalla 2.2"", Teclado Físico, Ethernet y E/S Configurables para Automatización Compacta","Controlador PLC + HMI Horner XLEe OCS (HE-XE) con Pantalla 2.2"", Teclado Físico, Ethernet y E/S Configurables para Automatización Compacta",1.0,Horner,Horner,True,2700.0,2500.0,fixed,True,1604,1373,193,0.222,False,790,True,14,14,0,0,0,8,8,0,0,1
10959,horner-xlte-xl-ocs,"Controlador PLC + HMI Horner XLTe OCS (HE-XT) con Pantalla Táctil 3.5"" Solar, Ethernet, Datalogging y E/S Configurables para Exteriores","Controlador PLC + HMI Horner XLTe OCS (HE-XT) con Pantalla Táctil 3.5"" Solar, Ethernet, Datalogging y E/S Configurables para Exteriores",1.0,Horner,Horner,True,3820.0,3660.0,fixed,True,1559,1328,273,0.3138,False,713,True,14,14,0,0,0,9,9,0,0,1
10978,horner-xl4-xl-series-ocs-plc-todo-en-uno,"Controlador PLC + HMI Horner XL4 OCS (HE-XC) con Pantalla Táctil 3.5"" Color, Ethernet, E/S Configurables y Datalogging en Formato 1/4 DIN","Controlador PLC + HMI Horner XL4 OCS (HE-XC) con Pantalla Táctil 3.5"" Color, Ethernet, E/S Configurables y Datalogging en Formato 1/4 DIN",1.0,Horner,Horner,True,5200.0,4700.0,fixed,True,1649,1418,154,0.1771,False,743,True,15,15,0,0,0,5,5,0,0,1
10990,horner-exl6-ocs-horner,"Controlador PLC + HMI Horner EXL6 OCS (HE-EXL6) con Pantalla Táctil 5.7"" VGA, Ethernet, CAN y E/S Avanzadas para Ambientes Industriales","Controlador PLC + HMI Horner EXL6 OCS (HE-EXL6) con Pantalla Táctil 5.7"" VGA, Ethernet, CAN y E/S Avanzadas para Ambientes Industriales",1.0,Horner,Horner,True,7200.0,6500.0,fixed,True,1616,1385,253,0.2808,False,762,True,14,14,0,0,0,5,5,0,0,1
11001,horner-exlw-ocs,"Controlador PLC + HMI Horner EXLW OCS (HE-EXLWE) con Pantalla Táctil 7"" Panorámica, Ethernet, Datalogging y E/S Configurables para Industria Crítica","Controlador PLC + HMI Horner EXLW OCS (HE-EXLWE) con Pantalla Táctil 7"" Panorámica, Ethernet, Datalogging y E/S Configurables para Industria Crítica",1.0,Horner,Horner,True,7200.0,6500.0,fixed,True,1596,1365,261,0.2937,False,876,True,13,13,0,0,0,5,5,0,0,1
11012,horner-xl7-ocs-horner,"Controlador PLC + HMI Horner XL7 OCS (HE-XW) con Pantalla Táctil 7"" WVGA, Doble Ethernet, Doble CAN y E/S de Precisión para Automatización","Controlador PLC + HMI Horner XL7 OCS (HE-XW) con Pantalla Táctil 7"" WVGA, Doble Ethernet, Doble CAN y E/S de Precisión para Automatización",1.0,Horner,Horner,True,9200.0,8500.0,fixed,True,1650,1419,292,0.3135,False,774,True,14,14,0,0,0,5,5,0,0,1
11023,horner-exl10-ocs,"Controlador PLC + HMI Horner EXL10 OCS (HE-EXV) con Pantalla Táctil 10.4"" VGA, Doble Ethernet, Doble CAN y 24 Entradas Digitales para Automatización Avanzada","Controlador PLC + HMI Horner EXL10 OCS (HE-EXV) con Pantalla Táctil 10.4"" VGA, Doble Ethernet, Doble CAN y 24 Entradas Digitales para Automatización Avanzada",1.0,Horner,Horner,True,13200.0,12900.0,fixed,True,1569,1338,285,0.3177,False,793,True,13,13,0,0,0,6,6,0,0,1
11036,controlador-de-automatizacion-horner-xl15-plus-ocs,"Controlador PLC + HMI Horner XL15+ OCS (HE-XV) con Pantalla Táctil 15"" XGA, Procesador Dual Core, Doble Ethernet y 4GB de Almacenamiento para Supervisión Industrial","Controlador PLC + HMI Horner XL15+ OCS (HE-XV) con Pantalla Táctil 15"" XGA, Procesador Dual Core, Doble Ethernet y 4GB de Almacenamiento para Supervisión Industrial",1.0,Horner,Horner,True,23600.0,22600.0,fixed,True,1565,1334,164,0.196,False,764,True,13,13,0,0,0,6,6,0,0,1
11049,controlador-de-automatizacion-horner-xlee-ocs,"Controlador PLC + HMI Horner XLEe OCS (HE-XE) con Pantalla 2.2"", Teclado Físico, Ethernet Integrado y E/S para Automatización en Espacios Reducidos","Controlador PLC + HMI Horner XLEe OCS (HE-XE) con Pantalla 2.2"", Teclado Físico, Ethernet Integrado y E/S para Automatización en Espacios Reducidos",1.0,Horner,Horner,True,2600.0,2100.0,fixed,True,1588,1357,195,0.2255,False,827,True,13,13,0,0,0,6,6,0,0,1
11062,controlador-de-automatizacion-xlte-ocs,"Controlador PLC + HMI Horner XLTe OCS (HE-XT) con Pantalla Táctil 3.5"", Ethernet Integrado, E/S Flexibles y Datalogging para Automatización Industrial","Controlador PLC + HMI Horner XLTe OCS (HE-XT) con Pantalla Táctil 3.5"", Ethernet Integrado, E/S Flexibles y Datalogging para Automatización Industrial",1.0,Horner,Horner,True,4200.0,3700.0,fixed,True,1614,1383,140,0.1662,False,858,True,14,14,0,0,0,4,4,0,0,1
11071,horner-micro-ocs-x4-series-plc-todo-en-uno,"Controlador PLC + HMI Horner Micro OCS X4 (HE-X4) con Pantalla Táctil 4.3"" Color, E/S Integradas y Ethernet para Automatización Económica","Controlador PLC + HMI Horner Micro OCS X4 (HE-X4) con Pantalla Táctil 4.3"" Color, E/S Integradas y Ethernet para Automatización Económica",1.0,Horner,Horner,True,2620.0,2250.0,fixed,True,1631,1400,295,0.0067,False,727,True,13,13,0,0,0,6,6,0,0,1
11096,horner-x5-micro-ocs-series-plc-todo-en-uno,"Controlador PLC + HMI Horner Micro OCS X5 (HE-X5) con Pantalla Táctil 4.3"" Color, E/S Integradas, Ethernet, MicroSD y Certificación UL Clase I Div 2 para Zonas Peligrosas","Controlador PLC + HMI Horner Micro OCS X5 (HE-X5) con Pantalla Táctil 4.3"" Color, E/S Integradas, Ethernet, MicroSD y Certificación UL Clase I Div 2 para Zonas Peligrosas",1.0,Horner,Horner,True,3620.0,3199.0,fixed,True,1532,1301,170,0.2085,False,760,True,13,13,0,0,0,8,8,0,0,1
11113,horner-micro-ocs-x7-series-plc-todo-en-uno,"Controlador PLC + HMI Horner Micro OCS X7 (HE-X7) con Pantalla Táctil de 7"" Color, E/S Integradas, Ethernet, CAN y Modbus para Automatización de Maquinaria","Controlador PLC + HMI Horner Micro OCS X7 (HE-X7) con Pantalla Táctil de 7"" Color, E/S Integradas, Ethernet, CAN y Modbus para Automatización de Maquinaria",1.0,Horner,Horner,True,3820.0,3599.0,fixed,True,1652,1421,161,0.1815,False,694,True,13,13,0,0,0,4,4,0,0,1
11132,horner-x10-micro-ocs-series-plc-todo-en-uno,"Controlador PLC + HMI Horner Micro OCS X10 (HE-X10) con Pantalla Táctil de 10"" Color, E/S Digitales y Analógicas, Ethernet, Modbus y Datalogger Integrado","Controlador PLC + HMI Horner Micro OCS X10 (HE-X10) con Pantalla Táctil de 10"" Color, E/S Digitales y Analógicas, Ethernet, Modbus y Datalogger Integrado",1.0,Horner,Horner,True,5220.0,4990.0,fixed,True,1643,1373,178,0.2016,False,777,True,13,13,0,0,0,4,4,0,0,1
11387,horner-kit-de-inicio-ocs-micro-series-plc-todo-en-uno,"Kit de Arranque Controlador Micro OCS Horner Serie X2 (HA-345) con Pantalla HMI Integrada, CPU ARM 32-bit, E/S Digitales/Analógicas y Puertos RS485/CAN para Automatización Compacta","Kit de Arranque Controlador Micro OCS Horner Serie X2 (HA-345) con Pantalla HMI Integrada, CPU ARM 32-bit, E/S Digitales/Analógicas y Puertos RS485/CAN para Automatización Compacta",1.0,Horner,Horner,True,1880.0,1399.0,fixed,True,1614,1383,138,0.1592,False,822,True,14,14,0,0,0,6,6,0,0,1
11400,panel-lana-de-roca-mineral-fibra-50-y-100-kg-m3-rock-wool-peru,"Panel de Lana de Roca Mineral de Alta Densidad (50 kg/m³) Placa Rígida 1200x600mm para Aislamiento Térmico, Acústico y Protección Ignífuga (Resiste +1000°C)","Panel de Lana de Roca Mineral de Alta Densidad (50 kg/m³) Placa Rígida 1200x600mm para Aislamiento Térmico, Acústico y Protección Ignífuga (Resiste +1000°C)",1.0,Perfect,Perfect,True,32.0,32.0,fixed,False,1626,1395,294,0.3194,False,607,True,9,9,0,0,0,2,2,0,0,1
11405,registrador-de-datos-en-tiempo-real-tt18-con-sensor-de-temperatura-y-humedad,"Registrador de Datos en Tiempo Real Tzone TT18 4G con GPS, Sensor de Temperatura y Humedad, Batería Recargable de Larga Duración y Plataforma en la Nube para Logística","Registrador de Datos en Tiempo Real Tzone TT18 4G con GPS, Sensor de Temperatura y Humedad, Batería Recargable de Larga Duración y Plataforma en la Nube para Logística",1.0,Tzone,Tzone,True,72.0,72.0,fixed,False,1680,1449,169,0.1903,False,758,True,13,13,0,0,0,3,3,0,0,1
11412,registrador-de-datos-multiuso-tempu04,"Registrador de Temperatura USB Multiuso Tzone TempU04 con Pantalla LCD, Generación Automática de PDF/CSV, Memoria de 32,000 Registros y Batería Reemplazable para Cadena de Frío","Registrador de Temperatura USB Multiuso Tzone TempU04 con Pantalla LCD, Generación Automática de PDF/CSV, Memoria de 32,000 Registros y Batería Reemplazable para Cadena de Frío",1.0,Tzone,Tzone,True,230.16,219.2,fixed,True,1601,1370,322,0.0067,False,808,True,12,12,0,0,0,2,2,0,0,1
11417,controlador-de-temperatura-tz-tht02,"Transmisor de Temperatura y Humedad Tipo Sonda Tzone TZ-THT02 con Salida RS485 Modbus, Sensor SHT3X de Alta Precisión, IP65 y Diseño Compacto para Conductos y Gabinetes",Transmisor de Humedad y Temperatura Tzone THT02 (RS485 Modbus RTU) – Montaje en Pared,0.4696,Tzone,Tzone,True,317.8,302.7,fixed,True,1373,1142,137,0.1535,False,804,True,12,13,0,4,1,3,3,0,0,1
11424,transmisor-co2-tz-ct01,"Transmisor de CO₂ Tzone TZ-CT01 con Tecnología NDIR de Doble Haz, Salida RS485 Modbus, Rango 0-10,000 ppm y Pantalla LCD para Control de Ventilación y Agricultura","Transmisor de CO₂ Tzone TZ-CT01 con Tecnología NDIR de Doble Haz, Salida RS485 Modbus, Rango 0-10,000 ppm y Pantalla LCD para Control de Ventilación y Agricultura",1.0,Tzone,Tzone,True,1138.41,1084.2,fixed,True,1582,1351,168,0.2002,False,752,True,12,12,0,0,0,3,3,0,0,1
11432,transmisor-tz-tht03r,"Transmisor de Temperatura y Humedad Tzone TZ-THT03R con Comunicación Digital RS485 Modbus, Pantalla LCD, Rango de -40°C a +120°C y Alta Precisión SHT30 para Automatización Industrial",Transmisor de Humedad y Temperatura Tzone THT03R (RS485 Modbus RTU) – Sonda Remota (-40°C a +85°C),0.4773,Tzone,Tzone,True,374.11,356.3,fixed,True,1593,1362,129,0.0626,False,871,True,12,13,0,4,1,4,4,0,0,1
11441,transmisor-tz-tht03c,"Transmisor de Temperatura y Humedad Tzone TZ-THT03C con Pantalla LCD, Salida Analógica 4-20mA, Sensor SHT30 de Alta Precisión y Carcasa IP65 para HVAC y Automatización",Transmisor de Humedad y Temperatura Tzone THT03C (Salida 4-20mA) – Sonda Remota Industrial,0.494,Tzone,Tzone,True,356.3,356.3,fixed,False,1571,1340,133,0.1134,False,824,True,12,13,0,4,1,2,2,0,0,1
11446,transmisor-de-temperatura-integrado-ptt04r,"Transmisor de Temperatura Integrado Tzone PTT04R con Sensor RTD Pt100, Salida Digital RS485 Modbus-RTU, Rango -200°C a +850°C, Acero Inoxidable IP65 para Automatización Industrial","Transmisor de Temperatura Integrado Tzone PTT04R con Sensor RTD Pt100, Salida Digital RS485 Modbus-RTU, Rango -200°C a +850°C, Acero Inoxidable IP65 para Automatización Industrial",1.0,Tzone,Tzone,True,437.7,416.9,fixed,True,1512,1281,297,0.3458,False,792,True,11,11,0,0,0,2,2,0,0,1
11451,registrador-tz-bt06,"Registrador de Datos Bluetooth Tzone TZ-BT06 con Pantalla LCD, Sensor de Temperatura y Humedad, Memoria de 32,000 Registros, Alcance Largo de 300 Metros y Batería Reemplazable de 1 Año","Registrador de Datos Bluetooth Tzone TZ-BT06 con Pantalla LCD, Sensor de Temperatura y Humedad, Memoria de 32,000 Registros, Alcance Largo de 300 Metros y Batería Reemplazable de 1 Año",1.0,Tzone,Tzone,True,262.29,249.8,fixed,True,1572,1341,268,0.0059,False,680,True,12,12,0,0,0,3,3,0,0,1
11458,registrador-de-datos-bluetooth-tz-bt04b,"Registrador de Datos Bluetooth Tzone TZ-BT04B de Temperatura y Humedad, Sensor de Alta Precisión, Rango -25°C a 60°C, Memoria de 12,000 Puntos, App Móvil Gratuita y Batería de Larga Duración (Reemplazable)","Registrador de Datos Bluetooth Tzone TZ-BT04B de Temperatura y Humedad, Sensor de Alta Precisión, Rango -25°C a 60°C, Memoria de 12,000 Puntos, App Móvil Gratuita y Batería de Larga Duración (Reemplazable)",1.0,Tzone,Tzone,True,317.8,302.7,fixed,True,1490,1265,250,0.3016,False,834,True,12,12,0,0,0,3,3,0,0,1
11465,datos-tempu07b,"Registrador de Datos de Temperatura y Humedad Tzone TempU07B con Sonda Externa, Pantalla LCD, Generación Automática de PDF/CSV, Memoria de 34,560 Registros y Protección IP65 para Cadena de Frío","Registrador de Datos de Temperatura y Humedad Tzone TempU07B con Sonda Externa, Pantalla LCD, Generación Automática de PDF/CSV, Memoria de 34,560 Registros y Protección IP65 para Cadena de Frío",1.0,Tzone,Tzone,True,293.79,279.8,fixed,True,1541,1310,273,0.3078,False,785,True,12,12,0,0,0,3,3,0,0,1
11472,kings-pkbs-calentador-portatil,"Calefactor Industrial Portátil de Acero Inoxidable King Electric Serie PKBS (5kW - 20kW), NEMA 4 Lavable a Presión, Construcción 304 Anticorrosiva y Termostato Integrado para Ambientes Húmedos","Calefactor Industrial Portátil de Acero Inoxidable King Electric Serie PKBS (5kW - 20kW), NEMA 4 Lavable a Presión, Construcción 304 Anticorrosiva y Termostato Integrado para Ambientes Húmedos",1.0,King Electric,King Electric,True,26360.0,18452.0,fixed,True,1574,1343,265,0.0151,False,821,True,12,12,0,0,0,2,2,0,0,1
11477,calentador-de-utilidad-model-u-ss,"Calentador de Utilidad para Casetas de Bombas King Electric Modelo U-SS (250W - 1000W), Acero Inoxidable 304, Cumple ASSE-1060, Elemento Incoloy 840 y Termostato Antihielo para Protección de Tuberías","Calentador de Utilidad para Casetas de Bombas King Electric Modelo U-SS (250W - 1000W), Acero Inoxidable 304, Cumple ASSE-1060, Elemento Incoloy 840 y Termostato Antihielo para Protección de Tuberías",1.0,King Electric,King Electric,True,2199.0,1539.0,fixed,True,1620,1389,186,0.218,False,786,True,11,11,0,0,0,2,2,0,0,1
11480,calentadores-de-unidad-kbs,"Calefactor Industrial de Acero Inoxidable King Electric Serie KBS (1.5kW - 20kW), Gabinete NEMA 4 Sellado, Construcción 304 Resistente a Corrosión y Lavado a Presión para Plantas de Tratamiento","Calefactor Industrial de Acero Inoxidable King Electric Serie KBS (1.5kW - 20kW), Gabinete NEMA 4 Sellado, Construcción 304 Resistente a Corrosión y Lavado a Presión para Plantas de Tratamiento",1.0,King Electric,King Electric,True,16451.0,11515.0,fixed,True,1607,1376,303,0.3276,False,785,True,12,12,0,0,0,2,2,0,0,1
11483,calefactor-marino-de-acero-inoxidable-daw-ss,"Calefactor Marino de Acero Inoxidable DAW-SS con 7 Niveles de Calor, Envolvente de Acero Inoxidable 304, Protección Contra Congelación, Ventilador Silencioso Tipo Squirrel Cage, Indicador Luminoso Verde y Bajo Consumo Energético para RVs, Embarcaciones, Cabinas y Usos Industriales","Calefactor Marino de Acero Inoxidable DAW-SS con 7 Niveles de Calor, Envolvente de Acero Inoxidable 304, Protección Contra Congelación, Ventilador Silencioso Tipo Squirrel Cage, Indicador Luminoso Verde y Bajo Consumo Energético para RVs, Embarcaciones, Cabinas y Usos Industriales",1.0,King Electric,King Electric,True,4378.0,3064.0,fixed,True,839,786,198,0.3853,False,1977,True,0,0,0,0,0,1,1,0,0,1
11486,paw-ss-calefactor-marino,"PAW-SS Calefactor Marino de Acero Inoxidable - Pic-A-Watt® con Envolvente de Acero 304, Blower Silencioso, Protección Smart Limit®, Montaje Empotrado o en Superficie, y Opciones de Potencia de 250 a 2250W para Barcos y Aplicaciones Marinas","PAW-SS Calefactor Marino de Acero Inoxidable - Pic-A-Watt® con Envolvente de Acero 304, Blower Silencioso, Protección Smart Limit®, Montaje Empotrado o en Superficie, y Opciones de Potencia de 250 a 2250W para Barcos y Aplicaciones Marinas",1.0,King Electric,King Electric,True,2837.0,1985.0,fixed,True,1102,1049,121,0.1978,False,3807,True,0,0,0,0,0,1,1,0,0,1
11489,calefactor-marino-mkt-ss,"Calefactor Marino de Acero Inoxidable MKT-SS – Diseño de Bajo Perfil, Acero 304, Resistente a la Corrosión, Doble Potencia, Protección Smart Limit®, Ventilador Tangencial Silencioso, Elemento de Calor NiChrome, Ideal para Embarcaciones y Áreas de Alta Humedad","Calefactor Marino de Acero Inoxidable MKT-SS – Diseño de Bajo Perfil, Acero 304, Resistente a la Corrosión, Doble Potencia, Protección Smart Limit®, Ventilador Tangencial Silencioso, Elemento de Calor NiChrome, Ideal para Embarcaciones y Áreas de Alta Humedad",1.0,King Electric,King Electric,True,2685.0,1879.0,fixed,True,1484,1421,245,0.0071,False,2277,True,0,0,0,0,0,2,2,0,0,1
11494,calefactor-compacto-kbp,"Calefactor Compacto Modelo KBP – Elemento Pic-A-Watt®, Múltiples Opciones de Potencia, Termostato Integrado, Protección Smart Limit®, Ideal para Garajes, Talleres y Invernaderos","Calefactor Compacto Modelo KBP – Elemento Pic-A-Watt®, Múltiples Opciones de Potencia, Termostato Integrado, Protección Smart Limit®, Ideal para Garajes, Talleres y Invernaderos",1.0,King Electric,King Electric,True,2884.0,2018.0,fixed,True,1222,1185,273,0.3675,False,2575,True,0,0,0,0,0,2,2,0,0,1
11499,calefactor-industrial-king-kb,"Calefactor Industrial King KB PlatinumX: Unidad Electrónica Pesada con Termostato Integrado, Compatible con NEST, Ideal para Almacenes, Garajes, Edificios Altos y Áreas Expuestas – Hasta 25kW","Calefactor Industrial King KB PlatinumX: Unidad Electrónica Pesada con Termostato Integrado, Compatible con NEST, Ideal para Almacenes, Garajes, Edificios Altos y Áreas Expuestas – Hasta 25kW",1.0,King Electric,King Electric,True,5551.0,3885.0,fixed,True,954,905,144,0.2626,False,1680,True,0,0,0,0,0,2,2,0,0,1
11504,termostato-de-proteccion-trf115-005,"Termostato de Protección Contra Congelamiento TRF115-005 NEMA 4X con Alimentación 24 VAC, Sensor Remoto de 5 ft, Rango de Temperatura Ajustable 0120°F (-1748°C), Capacidad 25A @ 24/120/208/240V y 22A @ 277V, Protección IP Resistente a la Intemperie, Ideal para Aplicaciones Industriales y Exteriores",Termostato Industrial King Electric TRF115-005 (0 a 120°F / -17.8 a 48.8°C) NEMA 4X para Calefacción y Refrigeración,0.3249,King Electric,King Electric,True,299.0,209.0,fixed,True,694,653,171,0.2551,False,1952,True,0,5,0,0,5,1,1,0,0,1
11507,calefactor-de-pared-modelo-w,Calefactor de Pared Modelo W Diseño Económico con Elemento NiChrome para Transferencia Rápida de Calor Motor C-Frame y Ventilador de 4 Aspas de Aluminio Protección Patented Smart Limit Compatible con Termostato Integrado o de Pared Apto para Instalaciones en Ubicaciones Húmedas,Calefactor de Pared Modelo W Diseño Económico con Elemento NiChrome para Transferencia Rápida de Calor Motor C-Frame y Ventilador de 4 Aspas de Aluminio Protección Patented Smart Limit Compatible con Termostato Integrado o de Pared Apto para Instalaciones en Ubicaciones Húmedas,1.0,King Electric,King Electric,True,703.0,492.0,fixed,True,841,800,205,0.2924,False,2214,True,0,0,0,0,0,2,2,0,0,1
11512,calefactor-modelo-wsc,"Calefactor Montado en Superficie Modelo WSC con Certificación UL2021 para Uso Exterior, Elemento de Calentamiento NiChrome, Termostato Incorporado (40°F a 90°F), Protección Inteligente contra Sobrecalentamiento, Diseño Antihumedad y Aplicaciones de Protección contra Congelamiento","Calefactor Montado en Superficie Modelo WSC con Certificación UL2021 para Uso Exterior, Elemento de Calentamiento NiChrome, Termostato Incorporado (40°F a 90°F), Protección Inteligente contra Sobrecalentamiento, Diseño Antihumedad y Aplicaciones de Protección contra Congelamiento",1.0,King Electric,King Electric,True,1331.0,931.0,fixed,True,533,492,204,0.5565,False,2100,True,0,0,0,0,0,2,2,0,0,1
11517,calefactor-pkb-dt,"Calefactor Portátil Ductable King Electric Serie PKB-DT (5kW - 15kW) con Collar de 12"", Termostato Integrado, Motor Sellado y Protección Smart Limit® para Secado de Obras y Carpas","Calefactor Portátil Ductable King Electric Serie PKB-DT (5kW - 15kW) con Collar de 12"", Termostato Integrado, Motor Sellado y Protección Smart Limit® para Secado de Obras y Carpas",1.0,King Electric,King Electric,True,14249.0,9974.0,fixed,True,1606,1375,303,0.3307,False,816,True,12,12,0,0,0,1,1,0,0,1
11520,calefactor-a-prueba-de-explosiones-cx1,"Calefactor de Convección Antiexplosivo Ruffneck™ CX1 ProVector® (0.75kW - 10kW), Certificación Clase I y II (Div. 1 y 2), Elementos Incoloy® 840, Gabinete Inclinado de Acero Calibre 14 para Petróleo y Gas","Calefactor de Convección Antiexplosivo Ruffneck™ CX1 ProVector® (0.75kW - 10kW), Certificación Clase I y II (Div. 1 y 2), Elementos Incoloy® 840, Gabinete Inclinado de Acero Calibre 14 para Petróleo y Gas",1.0,King Electric,King Electric,True,8359.0,5851.0,fixed,True,1655,1424,189,0.206,False,808,True,12,12,0,0,0,1,1,0,0,1
11523,calefactor-a-prueba-de-explosiones-fx6,"Calefactor A Prueba de Explosiones King Electric Serie FX6 (3kW - 35kW), Certificación cULus para Clases I y II (Div. 1 y 2), Gabinete de Acero Calibre 12, Motor Arctic Duty y Protección Triple para Refinerías y Zonas Peligrosas","Calefactor A Prueba de Explosiones King Electric Serie FX6 (3kW - 35kW), Certificación cULus para Clases I y II (Div. 1 y 2), Gabinete de Acero Calibre 12, Motor Arctic Duty y Protección Triple para Refinerías y Zonas Peligrosas",1.0,King Electric,King Electric,True,26294.0,18405.0,fixed,True,1733,1502,194,0.2036,False,795,True,12,12,0,0,0,1,1,0,0,1
11526,calentador-portatil-industrial-pckw,"Calefactor Portátil Industrial con Ruedas King Electric Serie PCKW (10kW - 25kW), 1500 CFM, NEMA 12 Resistente a Polvo/Aceite, Termostato Integrado y Protección Smart Limit® para Secado de Obras","Calefactor Portátil Industrial con Ruedas King Electric Serie PCKW (10kW - 25kW), 1500 CFM, NEMA 12 Resistente a Polvo/Aceite, Termostato Integrado y Protección Smart Limit® para Secado de Obras",1.0,King Electric,King Electric,True,29314.0,20519.0,fixed,True,1707,1476,320,0.3295,False,870,True,12,12,0,0,0,1,1,0,0,1
11529,calefactor-portatil-pkb-platinum,"Calefactor Portátil Industrial Electrónico King Electric PKB Platinum (7.5kW - 20kW) con Pantalla LED, Control Remoto, Termostato de Alta Precisión, Temporizador y Modos de Ventilador para Sitios de Trabajo","Calefactor Portátil Industrial Electrónico King Electric PKB Platinum (7.5kW - 20kW) con Pantalla LED, Control Remoto, Termostato de Alta Precisión, Temporizador y Modos de Ventilador para Sitios de Trabajo",1.0,King Electric,King Electric,True,9087.0,6360.0,fixed,True,1645,1414,288,0.311,False,865,True,12,12,0,0,0,1,1,0,0,1
11532,calefactor-portatil-industrial-pkb-fm,"Calefactor Portátil Industrial King Electric PKB-FM (5kW - 20kW), Diseño Apilable para Construcción con Termostato Incorporado, Protección Smart Limit™, Lamas Ajustables y Modo ""Solo Ventilador""","Calefactor Portátil Industrial King Electric PKB-FM (5kW - 20kW), Diseño Apilable para Construcción con Termostato Incorporado, Protección Smart Limit™, Lamas Ajustables y Modo ""Solo Ventilador""",1.0,King Electric,King Electric,True,11135.0,7794.0,fixed,True,1641,1410,262,0.1704,False,826,True,12,12,0,0,0,2,2,0,0,1
11537,calefactor-portatil-pckf,"Calefactor Portátil Industrial para Exteriores King Electric Serie PCKF (10kW - 25kW), 240V/480V, Aprobado por la FAA, Resistente a la Intemperie (UL Outdoor), Control de 24V con Termostato Remoto y Ductable para Secado y Carpas","Calefactor Portátil Industrial para Exteriores King Electric Serie PCKF (10kW - 25kW), 240V/480V, Aprobado por la FAA, Resistente a la Intemperie (UL Outdoor), Control de 24V con Termostato Remoto y Ductable para Secado y Carpas",1.0,King Electric,King Electric,True,65935.0,46154.0,fixed,True,1673,1442,297,0.3159,False,792,True,12,12,0,0,0,2,2,0,0,1
11542,ventilador-king-pfo-24,"Ventilador Oscilante Comercial King PFO-24 con Motor Enclavado para Exteriores, 3 Velocidades, 7500 CFM, Altura Ajustable de 145 a 190 cm, Protección Contra Agua para Uso en Talleres, Almacenes y Fábricas","Ventilador Oscilante Comercial King PFO-24 con Motor Enclavado para Exteriores, 3 Velocidades, 7500 CFM, Altura Ajustable de 145 a 190 cm, Protección Contra Agua para Uso en Talleres, Almacenes y Fábricas",1.0,King Electric,King Electric,True,954.0,667.0,fixed,True,1010,965,195,0.3246,False,1617,True,0,0,0,0,0,2,2,0,0,1
11547,ventilador-king-pfo-30,"Ventilador Oscilante Comercial King PFO-30 de Alta Velocidad, Motor Enclavado para Exteriores, 3 Velocidades, 8200 CFM, Altura Ajustable de 145 a 190 cm, Protección Contra Agua para Uso en Talleres, Almacenes y Fábricas","Ventilador Oscilante Comercial King PFO-30 de Alta Velocidad, Motor Enclavado para Exteriores, 3 Velocidades, 8200 CFM, Altura Ajustable de 145 a 190 cm, Protección Contra Agua para Uso en Talleres, Almacenes y Fábricas",1.0,King Electric,King Electric,True,954.0,667.0,fixed,True,1000,955,195,0.3274,False,1844,True,0,0,0,0,0,2,2,0,0,1
11552,calefactor-electronico-kb-eco2s,"Calefactor Electrónico de Garaje King Electric KB ECO2S+® (5kW - 15kW) de 2 Etapas con Sensor Remoto Inalámbrico, Compatible con NEST/WiFi, Modos de Temporizador y Ventilador de Verano, Montaje en Pared/Techo","Calefactor Electrónico de Garaje King Electric KB ECO2S+® (5kW - 15kW) de 2 Etapas con Sensor Remoto Inalámbrico, Compatible con NEST/WiFi, Modos de Temporizador y Ventilador de Verano, Montaje en Pared/Techo",1.0,King Electric,King Electric,True,5237.0,3665.0,fixed,True,1633,1402,285,0.0111,False,866,True,12,12,0,0,0,2,2,0,0,1
11555,calefactor-king-kfuh-eco2s,"Calefactor de Unidad de Alta Velocidad King Electric KFUH ECO2S® (5kW - 35kW) con Motor ECM de 5 Velocidades, Calefacción de 2 Etapas, Montaje Universal Vertical/Horizontal para Almacenes y Techos Altos","Calefactor de Unidad de Alta Velocidad King Electric KFUH ECO2S® (5kW - 35kW) con Motor ECM de 5 Velocidades, Calefacción de 2 Etapas, Montaje Universal Vertical/Horizontal para Almacenes y Techos Altos",1.0,King Electric,King Electric,True,21603.0,15122.0,fixed,True,1637,1406,300,0.3233,False,832,True,12,12,0,0,0,3,3,0,0,1
11558,calefacto-compacto-kcc,"Calefactor de Convección Compacto King Electric Serie KCC (1500W - 5000W) con Núcleo Cerámico de Alta Masa, Gabinete de Acero Calibre 18, Montaje Dual Superficial/Empotrado y Acabado Texturizado","Calefactor de Convección Compacto King Electric Serie KCC (1500W - 5000W) con Núcleo Cerámico de Alta Masa, Gabinete de Acero Calibre 18, Montaje Dual Superficial/Empotrado y Acabado Texturizado",1.0,King Electric,King Electric,True,8495.0,5946.0,fixed,True,1687,1456,173,0.1959,False,904,True,12,12,0,0,0,2,2,0,0,1
11563,calefactor-radiante-infrarrojo-smartwave,"Calefactor Radiante Infrarrojo SmartWave® de Fibra de Carbono con Alimentación 208V/240V, 2 Niveles de Calor y Temporizador de 24 Horas, Potencia 1500W, Protección IP55, Control Remoto, para Uso en Patios y Aplicaciones Comerciales","Calefactor Radiante Infrarrojo SmartWave® de Fibra de Carbono con Alimentación 208V/240V, 2 Niveles de Calor y Temporizador de 24 Horas, Potencia 1500W, Protección IP55, Control Remoto, para Uso en Patios y Aplicaciones Comerciales",1.0,King Electric,King Electric,True,779.0,545.0,fixed,True,841,797,159,0.3198,False,1316,True,0,0,0,0,0,1,1,0,0,1
11566,calefactor-infrarrojo-smartwave,"Calefactor Radiante Infrarrojo King Electric SmartWave® 3000W (Serie RK 2-Lámparas), Calentador de Doble Fibra de Carbono con Clasificación IP55, Control Remoto y Montaje Ajustable para Patios y Terrazas","Calefactor Radiante Infrarrojo King Electric SmartWave® 3000W (Serie RK 2-Lámparas), Calentador de Doble Fibra de Carbono con Clasificación IP55, Control Remoto y Montaje Ajustable para Patios y Terrazas",1.0,King Electric,King Electric,True,731.0,511.0,fixed,True,1635,1424,244,0.0763,False,797,True,12,12,0,0,0,2,2,0,0,1
11571,calefactor-infrarrojo-smartwave-con-3-lamparas,"Calefactor Radiante Infrarrojo King Electric SmartWave® 4500W (Serie RK 3-Lámparas), Calentador de Fibra de Carbono IP55 con Control Remoto, Temporizador 24H y Soportes Ajustables para Patios Comerciales y Terrazas","Calefactor Radiante Infrarrojo King Electric SmartWave® 4500W (Serie RK 3-Lámparas), Calentador de Fibra de Carbono IP55 con Control Remoto, Temporizador 24H y Soportes Ajustables para Patios Comerciales y Terrazas",1.0,King Electric,King Electric,True,2569.0,1798.0,fixed,True,1582,1351,318,0.3496,False,788,True,12,12,0,0,0,2,2,0,0,1
11574,horno-electrico-eco2s-kf-kfs,"Horno Eléctrico King Electric Serie KF/KFS ECO2S® (4kW - 35kW), Calefacción Central de 2 Etapas con Motor ECM de Alta Eficiencia, Ahorro de Energía del 15%, Montaje Multi-Posición y Filtro Incluido","Horno Eléctrico King Electric Serie KF/KFS ECO2S® (4kW - 35kW), Calefacción Central de 2 Etapas con Motor ECM de Alta Eficiencia, Ahorro de Energía del 15%, Montaje Multi-Posición y Filtro Incluido",1.0,King Electric,King Electric,True,11186.0,7830.0,fixed,True,1683,1452,310,0.3239,False,786,True,13,13,0,0,0,3,3,0,0,1
11577,calefactor-serie-e-king,"Calefactor de Ducto Eléctrico Serie E de King Electric (Hasta 600V, Personalizable), Diseño Patentado Reversible ""Flippable"" con Instalación en 6 Posiciones, Control SSR y Certificación UL para Sistemas HVAC/VAV","Calefactor de Ducto Eléctrico Serie E de King Electric (Hasta 600V, Personalizable), Diseño Patentado Reversible ""Flippable"" con Instalación en 6 Posiciones, Control SSR y Certificación UL para Sistemas HVAC/VAV",1.0,King Electric,King Electric,True,5595.0,3916.0,fixed,True,1671,1440,301,0.3131,False,885,True,12,12,0,0,0,1,1,0,0,1
11580,calefactor-radiante-infrarrojo,"Calefactor Radiante Infrarrojo King Electric SmartWave® (1500W, 120V) de Fibra de Carbono con Control Remoto, Clasificación IP55 Resistente al Agua y Polvo, Montaje en Pared/Techo para Patios y Terrazas","Calefactor Radiante Infrarrojo King Electric SmartWave® (1500W, 120V) de Fibra de Carbono con Control Remoto, Clasificación IP55 Resistente al Agua y Polvo, Montaje en Pared/Techo para Patios y Terrazas",1.0,King Electric,King Electric,True,3226.0,2258.0,fixed,True,1451,1220,276,0.0099,False,805,True,12,12,0,0,0,3,3,0,0,1
11585,calefactor-portatil-puh1215t,"Calefactor Portátil de Metal King Electric PUH1215T (120V, 1500W/750W), Calentador Utilitario de Cerámica con Termostato Ajustable, Doble Interruptor de Potencia y Cable de 6 Pies","Calefactor Portátil de Metal King Electric PUH1215T (120V, 1500W/750W), Calentador Utilitario de Cerámica con Termostato Ajustable, Doble Interruptor de Potencia y Cable de 6 Pies",1.0,King Electric,King Electric,True,197.0,137.0,fixed,True,1315,1084,226,0.0084,False,701,True,12,12,0,0,0,3,3,0,0,1
11588,calentador-portatil-pgh2440tb,"Calentador Portátil de Garaje King Electric PGH2440TB (240V, 3750W), Calefactor Eléctrico para Taller con Termostato Incorporado, Protección SureStop™ y Soporte de Montaje en Techo/Pared (Color Gris)","Calentador Portátil de Garaje King Electric PGH2440TB (240V, 3750W), Calefactor Eléctrico para Taller con Termostato Incorporado, Protección SureStop™ y Soporte de Montaje en Techo/Pared (Color Gris)",1.0,King Electric,King Electric,True,645.0,451.0,fixed,True,1375,1144,212,0.2784,False,790,True,12,12,0,0,0,2,2,0,0,1
11591,calentador-portatil-psh2440tb,"Calentador Portátil de Garaje PSH2440TB (240V, 3750W), Calefactor de Taller Tipo ""Yellow Jacket"" con Termostato Incorporado, Soporte de Montaje Universal y Cable de 6 Pies","Calentador Portátil de Garaje PSH2440TB (240V, 3750W), Calefactor de Taller Tipo ""Yellow Jacket"" con Termostato Incorporado, Soporte de Montaje Universal y Cable de 6 Pies",1.0,King Electric,King Electric,True,779.0,545.0,fixed,True,1263,1032,217,0.3068,False,732,True,12,12,0,0,0,3,3,0,0,1
11594,cable-calefactor-serie-srp,"Cable Calefactor Autoregulable Preensamblado Serie SRP 120V (6–150 ft), Kit Plug-and-Play de 6W/ft con Protección Contra Congelación hasta -40°F, Enchufe NEMA 5-15 y Aislamiento de Fluoropolímero","Cable Calefactor Autoregulable Preensamblado Serie SRP 120V (6–150 ft), Kit Plug-and-Play de 6W/ft con Protección Contra Congelación hasta -40°F, Enchufe NEMA 5-15 y Aislamiento de Fluoropolímero",1.0,King Electric,King Electric,True,3271.0,2289.0,fixed,True,1269,1038,218,0.3075,False,701,True,11,11,0,0,0,1,1,0,0,1
11597,cable-calefactor-serie-srp-240v,"Cable Calefactor Autoregulable Preensamblado Serie SRP 240V (6–200 ft), Kit Plug-and-Play de 6W/ft con Protección Contra Congelación hasta -40°F, Aislamiento de Fluoropolímero y Chaqueta de PVC","Cable Calefactor Autoregulable Preensamblado Serie SRP 240V (6–200 ft), Kit Plug-and-Play de 6W/ft con Protección Contra Congelación hasta -40°F, Aislamiento de Fluoropolímero y Chaqueta de PVC",1.0,King Electric,King Electric,True,619.0,433.0,fixed,True,1261,1030,237,0.3316,False,717,True,11,11,0,0,0,1,1,0,0,1
11600,cable-calefactor-serie-sr,"Cable Calefactor Autoregulable Serie SR (120V/240V) para Protección Contra Congelación de Tuberías, 3W/5W/8W/10W por Pie Lineal, Aislamiento de Fluoropolímero y Chaqueta de PVC Resistente","Cable Calefactor Autoregulable Serie SR (120V/240V) para Protección Contra Congelación de Tuberías, 3W/5W/8W/10W por Pie Lineal, Aislamiento de Fluoropolímero y Chaqueta de PVC Resistente",1.0,King Electric,King Electric,True,738.0,516.0,fixed,True,1401,1170,249,0.0326,False,720,True,12,12,0,0,0,3,3,0,0,1
11603,unidad-de-aire-de-reposicion-clear-air-mau,"Unidad de Aire de Reposición Clear Air MAU (700–1770 CFM) con Calefacción Eléctrica 3.8–34.5 kW, Motor ECM de Alta Eficiencia, Termostato Proporcional y Certificación Plenum para HVAC","Unidad de Aire de Reposición Clear Air MAU (700–1770 CFM) con Calefacción Eléctrica 3.8–34.5 kW, Motor ECM de Alta Eficiencia, Termostato Proporcional y Certificación Plenum para HVAC",1.0,King Electric,King Electric,True,45498.0,31848.0,fixed,True,1181,950,189,0.2916,False,779,True,12,12,0,0,0,3,3,0,0,1
11606,termostato-n-e-m-a-4x-tf115,"Termostato Mecánico N.E.M.A.4X TF115 con Alimentación 24/120/208/240V, 3 Cables SPDT, Rango de Temperatura 40-100°F, Precisión ±2°F, Protección NEMA 4X para Refrigeración, Calefacción y Ventilación Industrial","Termostato Mecánico N.E.M.A.4X TF115 con Alimentación 24/120/208/240V, 3 Cables SPDT, Rango de Temperatura 40-100°F, Precisión ±2°F, Protección NEMA 4X para Refrigeración, Calefacción y Ventilación Industrial",1.0,King Electric,King Electric,True,777.0,543.0,fixed,True,1121,1076,257,0.3771,False,1673,True,0,0,0,0,0,1,1,0,0,1
11609,termostato-n-e-m-a-4x-th109,"Termostato Mecánico N.E.M.A.4X TH109 con Alimentación 24 VAC, 6 Cables SPDT, Rango de Temperatura 40-100°F, Precisión ±2°F, Protección NEMA 4X para Refrigeración, Calefacción y Ventilación Industrial","Termostato Mecánico N.E.M.A.4X TH109 con Alimentación 24 VAC, 6 Cables SPDT, Rango de Temperatura 40-100°F, Precisión ±2°F, Protección NEMA 4X para Refrigeración, Calefacción y Ventilación Industrial",1.0,King Electric,King Electric,True,304.0,212.0,fixed,True,1091,1046,227,0.3481,False,1679,True,0,0,0,0,0,1,1,0,0,1
11612,termostato-wifi-modelo-hoot,"Termostato Programable WIFI Modelo HOOT - Blanco, Control con App, Pantalla Táctil LCD, Multi-Voltaje 120/208/240V, Rango de Temperatura 41-90°F, Precisión ±1°F, Actualizaciones OTA","Termostato Programable WIFI Modelo HOOT - Blanco, Control con App, Pantalla Táctil LCD, Multi-Voltaje 120/208/240V, Rango de Temperatura 41-90°F, Precisión ±1°F, Actualizaciones OTA",1.0,King Electric,King Electric,True,565.0,395.0,fixed,True,1001,948,122,0.2204,False,1854,True,0,0,0,0,0,1,1,0,0,1
11615,termostato-programable-k302pe,"Termostato Programable K302PE para Calefactores Eléctricos, Panel Acrílico, Dual Voltaje 120/208/240V, Control de Temperatura Preciso ±1°F, Pantalla LCD Retroiluminada, Ahorro de Energía del 28%","Termostato Programable K302PE para Calefactores Eléctricos, Panel Acrílico, Dual Voltaje 120/208/240V, Control de Temperatura Preciso ±1°F, Pantalla LCD Retroiluminada, Ahorro de Energía del 28%",1.0,King Electric,King Electric,True,449.0,314.0,fixed,True,1007,960,194,0.3259,False,1871,True,0,0,0,0,0,1,1,0,0,1
11618,termostato-mecanico-k101,"Termostato Mecánico de Polo Único K101 con Sensor Bi-Metal, Rango de Operación 41°-90°F (3°-32°C), Ajuste Fácil, Sin Cable de Tierra, para Uso en Hogar y Oficina","Termostato Mecánico de Polo Único K101 con Sensor Bi-Metal, Rango de Operación 41°-90°F (3°-32°C), Ajuste Fácil, Sin Cable de Tierra, para Uso en Hogar y Oficina",1.0,King Electric,King Electric,True,74.0,51.0,fixed,True,861,820,169,0.3327,False,1439,True,0,0,0,0,0,1,1,0,0,1
11621,termostato-mecanico-k102,"Termostato Mecánico de Doble Polo MODEL K102 con Sensor Bi-Metal, Rango de Operación 41°-90°F (3°-32°C), Ajuste Fácil, Sin Cable de Tierra, para Uso en Hogar y Oficina","Termostato Mecánico de Doble Polo MODEL K102 con Sensor Bi-Metal, Rango de Operación 41°-90°F (3°-32°C), Ajuste Fácil, Sin Cable de Tierra, para Uso en Hogar y Oficina",1.0,King Electric,King Electric,True,137.0,95.0,fixed,True,861,820,169,0.3327,False,1491,True,0,0,0,0,0,1,1,0,0,1
11624,termostato-enfriamiento-k101-c,"Termostato de Enfriamiento K101-C con Sensor Bi-Metal, Sin Cable de Tierra, Rango de Operación 41°-90°F (3°-32°C), Instalación Fácil, Para Aplicaciones de Voltaje de Línea","Termostato de Enfriamiento K101-C con Sensor Bi-Metal, Sin Cable de Tierra, Rango de Operación 41°-90°F (3°-32°C), Instalación Fácil, Para Aplicaciones de Voltaje de Línea",1.0,King Electric,King Electric,True,203.0,142.0,fixed,True,716,676,226,0.478,False,1451,True,0,0,0,0,0,1,1,0,0,1
11627,ventilador-oscilante-wfo-24,"Ventilador Oscilante de Alta Velocidad WFO-24 de 24'' para Montaje en Pared, Motor para Exteriores, 3 Velocidades, 7500 CFM","Ventilador Oscilante de Alta Velocidad WFO-24 de 24'' para Montaje en Pared, Motor para Exteriores, 3 Velocidades, 7500 CFM",1.0,King Electric,King Electric,True,1354.0,947.0,fixed,True,1191,1142,216,0.3059,False,1735,True,0,0,0,0,0,1,1,0,0,1
11630,ventilador-oscilante-wfo-30,"Ventilador Oscilante de Alta Velocidad WFO-30 de 30'' para Montaje en Pared, Motor para Exteriores, 3 Velocidades, 8200 CFM","Ventilador Oscilante de Alta Velocidad WFO-30 de 30'' para Montaje en Pared, Motor para Exteriores, 3 Velocidades, 8200 CFM",1.0,King Electric,King Electric,True,1354.0,947.0,fixed,True,1191,1142,216,0.3059,False,1704,True,0,0,0,0,0,1,1,0,0,1
11633,kit-de-nebulizacion-pfo-mistkit,"Kit de Nebulización PFO-MISTKIT para Ventiladores PFO y WFO, Enfriamiento Eficiente en Áreas Exteriores, Instalación Rápida, Conexión a Manguera de Jardín, Válvula de Cierre","Kit de Nebulización PFO-MISTKIT para Ventiladores PFO y WFO, Enfriamiento Eficiente en Áreas Exteriores, Instalación Rápida, Conexión a Manguera de Jardín, Válvula de Cierre",1.0,King Electric,King Electric,True,185.0,129.0,fixed,True,1008,959,130,0.2288,False,1307,True,0,0,0,0,0,1,1,0,0,1
11636,funda-resistente-al-agua-fo-cover-24,"Funda Resistente al Agua FO-COVER-24 para Ventiladores de 24'', Protección contra Polvo y Agua, Instalación Rápida con Cremallera","Funda Resistente al Agua FO-COVER-24 para Ventiladores de 24'', Protección contra Polvo y Agua, Instalación Rápida con Cremallera",1.0,King Electric,King Electric,True,167.0,116.0,fixed,True,821,780,167,0.3368,False,888,True,0,0,0,0,0,1,1,0,0,1
11639,funda-resistente-al-agua-fo-cover-30,"Funda Resistente al Agua FO-COVER-30 para Ventiladores de 30'', Protección contra Polvo y Agua, Instalación Rápida con Cremallera","Funda Resistente al Agua FO-COVER-30 para Ventiladores de 30'', Protección contra Polvo y Agua, Instalación Rápida con Cremallera",1.0,King Electric,King Electric,True,218.0,152.0,fixed,True,493,452,187,0.5485,False,890,True,0,0,0,0,0,1,1,0,0,1
11642,panel-de-cubierta-sc-pw-de-lana-de-roca,"Panel de Cubierta SC-PW de Lana de Roca, Aislamiento Térmico y Acústico para Techos Metálicos, Alta Resistencia al Fuego","Panel de Cubierta SC-PW de Lana de Roca, Aislamiento Térmico y Acústico para Techos Metálicos, Alta Resistencia al Fuego",1.0,Sinopan,Sinopan,True,72.0,55.0,fixed,True,827,792,178,0.359,False,1066,True,0,0,0,0,0,5,5,0,0,1
11654,panel-de-fachada-sc-pw-de-lana-de-roca,"Panel de Fachada SC-PW de Lana de Roca, Aislamiento Térmico y Acústico para Muros Exteriores, Resistente al Fuego","Panel de Fachada SC-PW de Lana de Roca, Aislamiento Térmico y Acústico para Muros Exteriores, Resistente al Fuego",1.0,Sinopan,Sinopan,True,89.0,68.0,fixed,True,779,744,126,0.2805,False,1223,True,0,0,0,0,0,5,5,0,0,1
11666,panel-decorativo-pu-peso,"Panel Decorativo PU PESO 3800×380 mm, Poliuretano Ligero de 3.7 kg/m², Aislante Térmico e Impermeable, Acabado Estético Tipo Muro para Interiores","Panel Decorativo PU PESO 3800×380 mm, Poliuretano Ligero de 3.7 kg/m², Aislante Térmico e Impermeable, Acabado Estético Tipo Muro para Interiores",1.0,Sinopan,Sinopan,True,110.0,85.0,fixed,True,924,690,139,0.2812,False,647,True,9,9,0,0,0,3,3,0,0,1
11673,panel-de-fachada-sc-pu-de-poliuretano,"Panel de Fachada SC‑PU de Poliuretano PIR, Panel Sándwich Aislante Térmico Ecológico sin Formaldehído, Acabado Metálico Decorativo para Muros Industriales y Comerciales","Panel de Fachada SC‑PU de Poliuretano PIR, Panel Sándwich Aislante Térmico Ecológico sin Formaldehído, Acabado Metálico Decorativo para Muros Industriales y Comerciales",1.0,Sinopan,Sinopan,True,120.0,92.0,fixed,True,943,709,131,0.2621,False,690,True,11,11,0,0,0,2,2,0,0,1
11678,panel-de-cubierta-scr-pu-de-poliuretano,"Panel de Cubierta SCR‑PU de Poliuretano PIR para Techos Metálicos, Panel Sándwich Aislante Térmico Impermeable, Alta Resistencia al Ruido, Corrosión y Carga Estructural","Panel de Cubierta SCR‑PU de Poliuretano PIR para Techos Metálicos, Panel Sándwich Aislante Térmico Impermeable, Alta Resistencia al Ruido, Corrosión y Carga Estructural",1.0,Sinopan,Sinopan,True,127.0,98.0,fixed,True,1001,767,140,0.2616,False,724,True,14,14,0,0,0,5,5,0,0,1
11690,panel-frigorifico-sc-pc-de-poliuretano,"Panel Frigorífico SC‑Pc de Poliuretano PIR para Cámaras de Frío, Panel Sándwich Aislante, Espesores 50–200 mm, Revestimiento Metálico, Alta Eficiencia Térmica y Resistente a Humedad","Panel Frigorífico SC‑Pc de Poliuretano PIR para Cámaras de Frío, Panel Sándwich Aislante, Espesores 50–200 mm, Revestimiento Metálico, Alta Eficiencia Térmica y Resistente a Humedad",1.0,Sinopan,Sinopan,True,136.0,105.0,fixed,True,1058,824,126,0.2293,False,716,True,10,10,0,0,0,5,5,0,0,1
11702,panel-para-sala-blanca-sinopan,"Panel para Sala Blanca Sinopan, Aislante Antiestático y Antibacteriano, Alta Resistencia al Fuego y Ruido, Ideal para Ambientes Controlados y Quirófanos.","Panel para Sala Blanca Sinopan, Aislante Antiestático y Antibacteriano, Alta Resistencia al Fuego y Ruido, Ideal para Ambientes Controlados y Quirófanos.",1.0,Sinopan,Sinopan,True,150.0,115.0,fixed,True,1078,847,147,0.2569,False,1304,True,10,10,0,0,0,2,2,0,0,1
11715,sensorprobe1-plus-akcp,"SensorProbe1+ AKCP, Monitor Ambiental Expandible con Soporte SNMP y Sensores Inteligentes, Ideal para Data Centers, Cuartos Técnicos y Ambientes Críticos.","SensorProbe1+ AKCP, Monitor Ambiental Expandible con Soporte SNMP y Sensores Inteligentes, Ideal para Data Centers, Cuartos Técnicos y Ambientes Críticos.",1.0,AKCP,AKCP,True,1393.0,1393.0,fixed,False,1063,832,156,0.2733,False,1291,True,11,11,0,0,0,3,3,0,0,1
11718,sensorprobe2-plus-akcp,AKCP sensorProbe2+ – Plataforma de monitoreo ambiental IP con 4 puertos de sensores y hasta 20 entradas de contacto seco.,AKCP sensorProbe2+ – Plataforma de monitoreo ambiental IP con 4 puertos de sensores y hasta 20 entradas de contacto seco.,1.0,AKCP,AKCP,True,1500.0,1150.0,fixed,True,1014,783,159,0.2881,False,1209,True,9,9,0,0,0,3,3,0,0,1
11721,in-line-power-meter-akcp,"In-Line Power Meter AKCP – Medidor de Energía en Tiempo Real con Monitoreo de Voltaje,  Corriente y kWh, Soporte SNMP, Compatible con SensorProbe+, Ideal para Racks, PDU  y Centros de Datos (16A/32A)","In-Line Power Meter AKCP – Medidor de Energía en Tiempo Real con Monitoreo de Voltaje,  Corriente y kWh, Soporte SNMP, Compatible con SensorProbe+, Ideal para Racks, PDU  y Centros de Datos (16A/32A)",1.0,AKCP,AKCP,True,1430.0,1100.0,fixed,True,795,760,171,0.3505,False,979,True,10,10,0,0,0,3,3,0,0,1
11727,sensorprobe2-lcd-akcp,"AKCP SensorProbe2+ LCD (SP2+LCD) – Monitor Ambiental Inteligente SNMP con 4 Puertos de Sensores, Pantalla LCD y Alertas por Email/Trap para Centros de Datos","AKCP SensorProbe2+ LCD (SP2+LCD) – Monitor Ambiental Inteligente SNMP con 4 Puertos de Sensores, Pantalla LCD y Alertas por Email/Trap para Centros de Datos",1.0,AKCP,AKCP,True,2093.0,2093.0,fixed,False,947,716,131,0.2639,False,1080,True,8,8,0,0,0,4,4,0,0,1
11730,controlador-de-temperatura-novus-n323,Novus N323 – Controlador de Temperatura Termostato Digital Industrial con 3 Relés (Montaje en Panel),Novus N323 – Controlador de Temperatura Termostato Digital Industrial con 3 Relés (Montaje en Panel),1.0,Novus,Novus,True,328.8,328.8,fixed,False,1064,999,240,0.3714,False,1547,True,5,5,0,0,0,1,1,0,0,1
11735,controlador-de-temperatura-n322-pt100,"Controlador Digital de Temperatura N322 para Pt100 y NTC/J-K-T – 2 Setpoints  Independientes, Salidas Relay SPDT (16 A) y SPST-NA (3 A), Compensación de  Offset, Rango –50 a 300 °C","Controlador Digital de Temperatura N322 para Pt100 y NTC/J-K-T – 2 Setpoints  Independientes, Salidas Relay SPDT (16 A) y SPST-NA (3 A), Compensación de  Offset, Rango –50 a 300 °C",1.0,Novus,Novus,True,364.0,280.0,fixed,True,623,581,132,0.3606,False,540,True,9,9,0,0,0,3,3,0,0,1
11738,indicador-digital-n1500-lc,"Indicador Digital N1500-LC para Celdas de Carga – Entrada Configurable (mV/mA),  Display LED de 6 Dígitos, Fuente de 10 V para Excitación, Hasta 4 Relés de Alarma,  Retransmisión 4–20 mA y RS-485 Modbus","Indicador Digital N1500-LC para Celdas de Carga – Entrada Configurable (mV/mA),  Display LED de 6 Dígitos, Fuente de 10 V para Excitación, Hasta 4 Relés de Alarma,  Retransmisión 4–20 mA y RS-485 Modbus",1.0,Novus,Novus,True,1026.0,1026.0,fixed,False,637,595,125,0.3347,False,599,True,12,12,0,0,0,3,3,0,0,1
11743,indicador-universal-n1500-g,"Indicador Universal N1500-G – Entrada Configurable (Pt100, Termocupla, 4–20 mA, 0–50 mV, 0–5 V), Display LED de 5 Dígitos de 56 mm, 24 V de Excitación para Transmisores, Dos Relés de Alarma, Retransmisión Analógica y RS-485 Modbus","Indicador Universal N1500-G – Entrada Configurable (Pt100, Termocupla, 4–20 mA, 0–50 mV, 0–5 V), Display LED de 5 Dígitos de 56 mm, 24 V de Excitación para Transmisores, Dos Relés de Alarma, Retransmisión Analógica y RS-485 Modbus",1.0,Novus,Novus,True,2340.0,1800.0,fixed,True,1117,1037,215,0.3185,False,1168,True,0,0,0,0,0,2,2,0,0,1
12655,novus-convertidor-usb-i485,Novus Convertidor USB-i485 – Interfaz Aislada USB a RS485/RS422,Novus Convertidor USB-i485 – Interfaz Aislada USB a RS485/RS422,1.0,Novus,Novus,True,567.6,567.6,fixed,False,829,764,196,0.3878,False,891,True,6,6,0,0,0,1,1,0,0,1
12660,controlador-novus-n1030t,"Novus N1030T - Controlador Termostato PID y Temporizador Digital de Alto Rendimiento, Diseño Compacto 35mm, Entrada Pt100/Termocupla con Salida Dual","Novus N1030T - Controlador Termostato PID y Temporizador Digital de Alto Rendimiento, Diseño Compacto 35mm, Entrada Pt100/Termocupla con Salida Dual",1.0,Novus,Novus,True,261.6,261.6,fixed,False,700,635,184,0.4222,False,1012,True,7,7,0,0,0,3,3,0,0,1
12665,controlador-de-temperatura-novus-n1050,"Novus N1050 – Controlador de Temperatura Termostato PID Industrial con Pantalla LCD Alfanumérica, 5 Programas de Rampas y Mesetas, Salida Dual (Pulso SSR/Relé) y Configuración USB","Novus N1050 – Controlador de Temperatura Termostato PID Industrial con Pantalla LCD Alfanumérica, 5 Programas de Rampas y Mesetas, Salida Dual (Pulso SSR/Relé) y Configuración USB",1.0,Novus,Novus,True,558.0,558.0,fixed,False,1142,1074,195,0.2961,False,1365,True,8,8,0,0,0,2,2,0,0,1
12669,controlador-novus-n1200-usb,Novus N1200 USB – Controlador Termostato PID Auto-Adaptativo con Entrada Universal y 2 Relés (48x48mm),Novus N1200 USB – Controlador Termostato PID Auto-Adaptativo con Entrada Universal y 2 Relés (48x48mm),1.0,Novus,Novus,True,706.8,706.8,fixed,False,785,720,179,0.3835,False,1110,True,6,6,0,0,0,1,1,0,0,1
12672,controlador-novus-n1200-24v-rs485,"Novus N1200 24V RS485 – Controlador de Procesos Termostato PID con Conectividad, Entrada Universal y 3 Relés (48x48mm)","Novus N1200 24V RS485 – Controlador de Procesos Termostato PID con Conectividad, Entrada Universal y 3 Relés (48x48mm)",1.0,Novus,Novus,True,864.0,864.0,fixed,False,761,696,195,0.4151,False,1033,True,6,6,0,0,0,1,1,0,0,1
12675,controlador-novus-n1200-rs485-termostato,"Novus N1200 RS485 – Controlador Termostato PID Avanzado con Conectividad, Entrada Universal y 4 Relés (48x48mm)","Novus N1200 RS485 – Controlador Termostato PID Avanzado con Conectividad, Entrada Universal y 4 Relés (48x48mm)",1.0,Novus,Novus,True,846.0,846.0,fixed,False,773,708,213,0.4382,False,1056,True,6,6,0,0,0,1,1,0,0,1
12678,controlador-novus-n2000-usb-rs485,"Novus N2000 USB RS485 – Controlador de Procesos Termostato PID Avanzado con 4 Relés, Entrada Universal y Comunicación Modbus (48x96mm)","Novus N2000 USB RS485 – Controlador de Procesos Termostato PID Avanzado con 4 Relés, Entrada Universal y Comunicación Modbus (48x96mm)",1.0,Novus,Novus,True,832.8,832.8,fixed,False,989,924,205,0.3493,False,1369,True,6,6,0,0,0,1,1,0,0,1
12681,controlador-novus-n3000-usb-rs485,"Novus N3000 USB RS485 – Controlador de Procesos Termostato PID de Alto Desempeño con 4 Relés, Pantalla de Gran Visibilidad y Comunicación Modbus (96x96mm)","Novus N3000 USB RS485 – Controlador de Procesos Termostato PID de Alto Desempeño con 4 Relés, Pantalla de Gran Visibilidad y Comunicación Modbus (96x96mm)",1.0,Novus,Novus,True,787.2,787.2,fixed,False,912,847,212,0.3805,False,1318,True,5,5,0,0,0,1,1,0,0,1
12684,controlador-novus-n3000-usb-rs485-24v,"Novus N3000 USB RS485 24V – Controlador de Procesos Termostato PID de Alto Desempeño con 4 Relés, Alimentación de Bajo Voltaje y Comunicación Modbus (96x96mm)","Novus N3000 USB RS485 24V – Controlador de Procesos Termostato PID de Alto Desempeño con 4 Relés, Alimentación de Bajo Voltaje y Comunicación Modbus (96x96mm)",1.0,Novus,Novus,True,801.6,801.6,fixed,False,956,891,275,0.4545,False,1452,True,5,5,0,0,0,1,1,0,0,1
12711,novus-n321-ntc-24v,Novus N321 NTC 24V – Termostato Digital Industrial ON/OFF con 1 Relé de 16A y Sensor NTC Incluido para Refrigeración o Calefacción,Novus N321 NTC 24V – Termostato Digital Industrial ON/OFF con 1 Relé de 16A y Sensor NTC Incluido para Refrigeración o Calefacción,1.0,Novus,Novus,True,261.6,261.6,fixed,False,1023,970,272,0.4236,False,1488,True,5,5,0,0,0,1,1,0,0,1
12714,sensor-de-temperatura-ntc-novus,NTC Novus – Sensor de Temperatura Cápsula de Acero Inoxidable 5x30mm con Cable TPE de 3m (-50 a 120°C),NTC Novus – Sensor de Temperatura Cápsula de Acero Inoxidable 5x30mm con Cable TPE de 3m (-50 a 120°C),1.0,Novus,Novus,True,27.6,27.6,fixed,False,969,904,220,0.0087,False,1384,True,5,5,0,0,0,1,1,0,0,1
12717,brida-novus-ss310,Brida Novus SS310 con Rosca 1/2 BSP para Transmisor RHT-P10 – Accesorio de Acero Inoxidable para Montaje Industrial,Brida Roscada de Acero Inoxidable Novus SS310 para Sensores RHT-P10 / RHT-XS (Código 8803900210),0.4098,Novus,Novus,True,441.6,441.6,fixed,False,848,783,173,0.2336,False,1462,True,4,7,0,1,3,1,1,0,0,1
12722,novus-n323-rht,Novus N323-RHT – Controlador de Temperatura y Humedad Termostato Digital Industrial Dual (Sensor no incluido),Novus N323-RHT – Controlador de Temperatura y Humedad Termostato Digital Industrial Dual (Sensor no incluido),1.0,Novus,Novus,True,409.2,409.2,fixed,False,1030,965,241,0.3848,False,1534,True,5,5,0,0,0,1,1,0,0,1
12725,sensor-novus-s35-rht-probe,Sensor Novus S35 RHT-PROBE – Sonda de Humedad y Temperatura con Cable de 3m para Controladores N32X y XS,Sensor Novus S35 RHT-PROBE – Sonda de Humedad y Temperatura con Cable de 3m para Controladores N32X y XS,1.0,Novus,Novus,True,342.0,342.0,fixed,False,1009,944,188,0.3204,False,1396,True,5,5,0,0,0,1,1,0,0,1
12728,novus-rht-wm-pared,"Novus RHT-WM – Transmisor de Temperatura y Humedad, Sensor de Pared para Climatización Industrial con Salida Analógica 4-20mA","Novus RHT-WM – Transmisor de Temperatura y Humedad, Sensor de Pared para Climatización Industrial con Salida Analógica 4-20mA",1.0,Novus,Novus,True,747.6,747.6,fixed,False,1004,939,257,0.0164,False,1628,True,5,5,0,0,0,1,1,0,0,1
12790,controlador-novus-n20k48,Novus N20K48 – Controlador de Procesos Modular Termostato PID Expandible con Bluetooth y Módulos ClickNGo (48x48mm),Novus N20K48 – Controlador de Procesos Modular Termostato PID Expandible con Bluetooth y Módulos ClickNGo (48x48mm),1.0,Novus,Novus,True,,,quote,False,1071,1006,286,0.4252,False,1879,True,6,6,0,0,0,1,1,0,0,1
12794,controlador-novus-n2000s,Novus N2000S – Controlador de Válvulas y Servoactuadores Termostato PID Universal con Salidas de Control Proporcional de Tiempo (48x96mm),Novus N2000S – Controlador de Válvulas y Servoactuadores Termostato PID Universal con Salidas de Control Proporcional de Tiempo (48x96mm),1.0,Novus,Novus,True,,,quote,False,1175,1101,264,0.3733,False,1726,True,6,6,0,0,0,1,1,0,0,1
12797,indicador-universal-novus-n150,Novus N150 – Indicador Universal Pantalla Digital para Procesos Industriales con Entrada Universal y 2 Alarmas (48x48mm),Novus N150 – Indicador Universal Pantalla Digital para Procesos Industriales con Entrada Universal y 2 Alarmas (48x48mm),1.0,Novus,Novus,True,,,quote,False,1152,1078,242,0.3389,False,1505,True,6,6,0,0,0,1,1,0,0,1
12800,indicador-de-procesos-novus-n1540,"Novus N1540 – Indicador de Procesos Universal Panel Digital Compacto con Pantalla LED, 2 Alarmas y Conexión USB (96x48mm)","Novus N1540 – Indicador de Procesos Universal Panel Digital Compacto con Pantalla LED, 2 Alarmas y Conexión USB (96x48mm)",1.0,Novus,Novus,True,,,quote,False,968,903,237,0.4007,False,1835,True,6,6,0,0,0,1,1,0,0,1
12803,indicador-de-procesos-novus-n1500g,"Novus N1500G – Indicador de Procesos de Gran Formato Panel Digital con Pantalla Gigante de 56mm, Entrada Universal y Alarmas","Novus N1500G – Indicador de Procesos de Gran Formato Panel Digital con Pantalla Gigante de 56mm, Entrada Universal y Alarmas",1.0,Novus,Novus,True,,,quote,False,1051,986,233,0.3706,False,1844,True,6,6,0,0,0,1,1,0,0,1
12806,controlador-novus-n321r,Novus N321R – Controlador de Temperatura para Refrigeración Termostato Electrónico con Ciclo de Deshielo y Relé de 1 HP (Montaje en Panel),Novus N321R – Controlador de Temperatura para Refrigeración Termostato Electrónico con Ciclo de Deshielo y Relé de 1 HP (Montaje en Panel),1.0,Novus,Novus,True,,,quote,False,1068,1003,248,0.3819,False,1801,True,6,6,0,0,0,1,1,0,0,1
12809,novus-n322s-controlador,Novus N322S – Controlador de Temperatura Diferencial Termostato Digital con 2 Sensores y 2 Relés para Sistemas Solares y Chillers,Novus N322S – Controlador de Temperatura Diferencial Termostato Digital con 2 Sensores y 2 Relés para Sistemas Solares y Chillers,1.0,Novus,Novus,True,,,quote,False,1011,946,263,0.4169,False,1682,True,5,5,0,0,0,1,1,0,0,1
12812,controlador-novus-n323tr,Novus N323TR – Controlador de Temperatura con Temporizador Termostato Digital Industrial con 3 Relés para Hornos e Incubadoras,Novus N323TR – Controlador de Temperatura con Temporizador Termostato Digital Industrial con 3 Relés para Hornos e Incubadoras,1.0,Novus,Novus,True,,,quote,False,894,829,203,0.3774,False,1645,True,6,6,0,0,0,1,1,0,0,1
12815,novus-nt240-temporizador,Novus NT240 – Temporizador y Contador Programable Relé de Tiempo Digital con Pantalla Dual y 11 Funciones (48x48mm),Novus NT240 – Temporizador y Contador Programable Relé de Tiempo Digital con Pantalla Dual y 11 Funciones (48x48mm),1.0,Novus,Novus,True,,,quote,False,1071,1006,254,0.3898,False,1683,True,6,6,0,0,0,1,1,0,0,1
12818,registrador-novus-logbox-lte,"Novus LogBox-LTE – Registrador de Datos IoT Multicanal Data Logger Celular con MQTT, Entradas Universales y Batería de Respaldo","Novus LogBox-LTE – Registrador de Datos IoT Multicanal Data Logger Celular con MQTT, Entradas Universales y Batería de Respaldo",1.0,,Novus,False,,,quote,False,1057,992,225,0.3548,False,2017,True,5,5,0,0,0,1,1,0,0,1
12821,novus-logbox-wi-fi-registrador-de-datos,"Novus LogBox Wi-Fi – Registrador de Datos IoT Wi-Fi Data Logger Inalámbrico con MQTT, Modbus TCP y 3 Entradas Universales","Novus LogBox Wi-Fi – Registrador de Datos IoT Wi-Fi Data Logger Inalámbrico con MQTT, Modbus TCP y 3 Entradas Universales",1.0,Novus,Novus,True,,,quote,False,1166,1101,309,0.4236,False,1751,True,6,6,0,0,0,1,1,0,0,1
12824,novus-logbox-ble-data-logger,Novus LogBox-BLE – Registrador de Datos con Bluetooth Multicanal con Entradas Universales y Pantalla LCD,Novus LogBox-BLE – Registrador de Datos con Bluetooth Multicanal con Entradas Universales y Pantalla LCD,1.0,Novus,Novus,True,,,quote,False,1040,975,259,0.4038,False,1669,True,6,6,0,0,0,1,1,0,0,1
12827,registrador-de-datos-dual-novus-logbox-da,Novus LogBox-DA – Data Logger Dual Industrial con Entradas Digital y Analógica (IP65),Novus LogBox-DA – Data Logger Dual Industrial con Entradas Digital y Analógica (IP65),1.0,Novus,Novus,True,,,quote,False,1003,938,244,0.0083,False,1713,True,6,6,0,0,0,1,1,0,0,1
12830,novus-climate-air-plus,Novus Climate-Air Plus – Sistema de Monitoreo Inalámbrico Solución IoT LoRa para Temperatura y Humedad,Novus Climate-Air Plus – Sistema de Monitoreo Inalámbrico Solución IoT LoRa para Temperatura y Humedad,1.0,Novus,Novus,True,,,quote,False,1028,963,247,0.0439,False,2038,True,5,5,0,0,0,1,1,0,0,1
12833,gateway-industrial-novus-digirail-iot,"Novus DigiRail-IoT – Gateway Industrial Módulo de Adquisición de Datos con Wi-Fi, Ethernet y MQTT para Riel DIN","Novus DigiRail-IoT – Gateway Industrial Módulo de Adquisición de Datos con Wi-Fi, Ethernet y MQTT para Riel DIN",1.0,Novus,Novus,True,,,quote,False,1103,1038,266,0.3471,False,2215,True,6,6,0,0,0,1,1,0,0,1
12836,gateway-iot-novus-airgate-4g-lite,"Novus AirGate 4G Lite – Gateway Industrial IoT Enrutador Celular VPN con Dual SIM, RS485 y Puerto Ethernet","Novus AirGate 4G Lite – Gateway Industrial IoT Enrutador Celular VPN con Dual SIM, RS485 y Puerto Ethernet",1.0,Novus,Novus,True,,,quote,False,1029,964,281,0.0048,False,1935,True,5,5,0,0,0,1,1,0,0,1
12839,novus-digirail-oee-modulo-i-o,Novus DigiRail OEE – Módulo I/O Inteligente Monitoreo Industrial para Sistemas MES y Eficiencia de Equipos,Novus DigiRail OEE – Módulo I/O Inteligente Monitoreo Industrial para Sistemas MES y Eficiencia de Equipos,1.0,Novus,Novus,True,,,quote,False,1163,1098,283,0.396,False,2080,True,6,6,0,0,0,1,1,0,0,1
12845,novus-telik-trafo-lite-transmisor,Novus Telik Trafo Lite - Transmisor de Temperatura IoT para Transformadores Eléctricos,Novus Telik Trafo Lite - Transmisor de Temperatura IoT para Transformadores Eléctricos,1.0,Novus,Novus,True,,,quote,False,1068,1003,264,0.0077,False,1632,True,6,6,0,0,0,1,1,0,0,1
12848,novus-telik-gardo-monitoreo,Novus Telik Gardo – Monitoreo de Temperatura Inalámbrico para Subestaciones Eléctricas,Novus Telik Gardo – Monitoreo de Temperatura Inalámbrico para Subestaciones Eléctricas,1.0,Novus,Novus,True,,,quote,False,881,816,208,0.0076,False,1566,True,7,7,0,0,0,1,1,0,0,1
12851,novus-digigate-profibus-gateway,Novus DigiGate Profibus – Gateway Industrial Convertidor de Protocolos Modbus RTU a Profibus DP,Novus DigiGate Profibus – Gateway Industrial Convertidor de Protocolos Modbus RTU a Profibus DP,1.0,Novus,Novus,True,,,quote,False,779,726,240,0.4773,False,1777,True,8,8,0,0,0,1,1,0,0,1
12854,novus-digirail-connect,Novus DigiRail Connect – Módulo de I/O Remoto Inteligente con Interfaz Ethernet para Riel DIN,Novus DigiRail Connect – Módulo de I/O Remoto Inteligente con Interfaz Ethernet para Riel DIN,1.0,Novus,Novus,True,,,quote,False,786,733,236,0.006,False,1835,True,7,7,0,0,0,1,1,0,0,1
12857,novus-airgate-modbus,Novus AirGate Modbus – Gateway Inalámbrico Industrial para Redes Modbus RTU,Novus AirGate Modbus – Gateway Inalámbrico Industrial para Redes Modbus RTU,1.0,Novus,Novus,True,,,quote,False,786,733,258,0.501,False,1791,True,7,7,0,0,0,1,1,0,0,1
12860,novus-digirail-va,Novus DigiRail-VA – Módulo de Adquisición de Datos de Potencia y Energía para Riel DIN,Novus DigiRail-VA – Módulo de Adquisición de Datos de Potencia y Energía para Riel DIN,1.0,Novus,Novus,True,,,quote,False,718,665,235,0.5022,False,1683,True,7,7,0,0,0,1,1,0,0,1
12863,novus-txisoblock-hrt,Novus TxIsoBlock-HRT – Transmisor de Temperatura Aislado con Protocolo HART para Riel DIN,Novus TxIsoBlock-HRT – Transmisor de Temperatura Aislado con Protocolo HART para Riel DIN,1.0,Novus,Novus,True,,,quote,False,769,716,240,0.4846,False,1728,True,7,7,0,0,0,1,1,0,0,1
12866,novus-txmini-transmisor,Novus TxMini – Transmisor de Temperatura Miniatura para Sensores Pt100,Novus TxMini – Transmisor de Temperatura Miniatura para Sensores Pt100,1.0,Novus,Novus,True,,,quote,False,708,655,219,0.0554,False,1683,True,7,7,0,0,0,1,1,0,0,1
12869,novus-txisoloop,Novus TxIsoLoop – Aislador de Lazo de Corriente 4-20 mA de 1 y 2 Canales para Riel DIN,Novus TxIsoLoop – Aislador de Lazo de Corriente 4-20 mA de 1 y 2 Canales para Riel DIN,1.0,Novus,Novus,True,,,quote,False,752,699,240,0.4907,False,1738,True,7,7,0,0,0,1,1,0,0,1
12872,novus-wl320-transmisor,Novus WL320 – Transmisor de Nivel Hidrostático Sumergible para Líquidos,Novus WL320 – Transmisor de Nivel Hidrostático Sumergible para Líquidos,1.0,Novus,Novus,True,,,quote,False,761,708,241,0.4857,False,1852,True,7,7,0,0,0,1,1,0,0,1
12875,novus-wl420-transmisor,Novus WL420 – Transmisor de Nivel Hidrostático Sumergible de Alta Precisión en Acero Inoxidable 316L,Novus WL420 – Transmisor de Nivel Hidrostático Sumergible de Alta Precisión en Acero Inoxidable 316L,1.0,Novus,Novus,True,,,quote,False,759,706,233,0.4741,False,1801,True,7,7,0,0,0,1,1,0,0,1
12878,novus-tl400-sensor-de-nivel-ultrasonico,Novus TL400 – Sensor de Nivel Ultrasónico Inteligente con Comunicación Bluetooth y Salida Analógica,Novus TL400 – Sensor de Nivel Ultrasónico Inteligente con Comunicación Bluetooth y Salida Analógica,1.0,Novus,Novus,True,,,quote,False,772,719,251,0.498,False,1801,True,7,7,0,0,0,1,1,0,0,1
12881,novus-rht-p10-rht-xs-transmisores,Novus RHT-P10/RHT-XS – Transmisores de Humedad y Temperatura para Aplicaciones Presurizadas o Espacios Reducidos,Novus RHT-P10/RHT-XS – Transmisores de Humedad y Temperatura para Aplicaciones Presurizadas o Espacios Reducidos,1.0,Novus,Novus,True,,,quote,False,747,694,251,0.5067,False,1850,True,7,7,0,0,0,1,1,0,0,1
12884,novus-logbox-aa-data-logger,Novus LogBox-AA – Data Logger Autónomo de 2 Canales Analógicos para Registro de Datos,Novus LogBox-AA – Data Logger Autónomo de 2 Canales Analógicos para Registro de Datos,1.0,Novus,Novus,True,,,quote,False,750,720,251,0.5051,False,1805,True,7,7,0,0,0,1,1,0,0,1
12887,novus-digirail-nxprog-micro-plc,Novus DigiRail NXProg – Micro PLC Programable con I/O Integrado y Comunicación Ethernet,Novus DigiRail NXProg – Micro PLC Programable con I/O Integrado y Comunicación Ethernet,1.0,Novus,Novus,True,,,quote,False,773,720,262,0.5124,False,1852,True,7,7,0,0,0,1,1,0,0,1
12890,novus-telik-geter-gateway,Novus Telik Geter – Gateway de Datos Industrial para Monitoreo de Redes Eléctricas,Novus Telik Geter – Gateway de Datos Industrial para Monitoreo de Redes Eléctricas,1.0,Novus,Novus,True,,,quote,False,763,710,238,0.4801,False,1829,True,7,7,0,0,0,1,1,0,0,1
12893,tzone-tz-tt19-transmisor,Tzone TZ-TT19 – Transmisor de Temperatura y Humedad con Tecnología LoRa de Largo Alcance,Tzone TZ-TT19 – Transmisor de Temperatura y Humedad con Tecnología LoRa de Largo Alcance,1.0,Tzone,Tzone,True,,,quote,False,704,651,225,0.4912,False,1753,True,7,7,0,0,0,1,1,0,0,1
12896,tzone-bt07-data-logger,Tzone BT07 – Data Logger de Temperatura Bluetooth (BLE) Formato Tarjeta Ultra Delgada,Tzone BT07 – Data Logger de Temperatura Bluetooth (BLE) Formato Tarjeta Ultra Delgada,1.0,Tzone,Tzone,True,,,quote,False,555,502,170,0.4756,False,1741,True,8,8,0,0,0,1,1,0,0,1
12899,tzone-tempu09-data-logger,Tzone TempU09 – Data Logger de Temperatura de un Solo Uso con Reporte PDF/CSV Automático,Tzone TempU09 – Data Logger de Temperatura de un Solo Uso con Reporte PDF/CSV Automático,1.0,Tzone,Tzone,True,,,quote,False,816,754,193,0.3836,False,1929,True,8,8,0,0,0,1,1,0,0,1
12902,termometro-portatil-tzone,Termómetro Portátil Tzone – Medición y Registro de Precisión Multicanal,Termómetro Portátil Tzone – Medición y Registro de Precisión Multicanal,1.0,Tzone,Tzone,True,,,quote,False,808,746,192,0.3925,False,2024,True,7,7,0,0,0,1,1,0,0,1
12905,lora-gateway-kit,LoRa Gateway Kit A Prueba de Agua – Sistema de Monitoreo Inalámbrico de Largo Alcance IP54,LoRa Gateway Kit A Prueba de Agua – Sistema de Monitoreo Inalámbrico de Largo Alcance IP54,1.0,Tzone,Tzone,True,,,quote,False,1005,934,220,0.0068,False,1890,True,7,7,0,0,0,1,1,0,0,1
12908,tzone-tempu08-tempu08b,Tzone TempU08 / TempU08B – Data Logger de un Solo Uso con Pantalla LCD y Reporte PDF/CSV,Tzone TempU08 / TempU08B – Data Logger de un Solo Uso con Pantalla LCD y Reporte PDF/CSV,1.0,Tzone,Tzone,True,,,quote,False,933,862,170,0.3116,False,1852,True,7,7,0,0,0,1,1,0,0,1
12911,tzone-tempu06-data-logger,Tzone TempU06 Series – Data Logger de Ultra Baja Temperatura con Conectividad Bluetooth y USB,Tzone TempU06 Series – Data Logger de Ultra Baja Temperatura con Conectividad Bluetooth y USB,1.0,Tzone,Tzone,True,,,quote,False,1067,987,186,0.2979,False,1907,True,7,7,0,0,0,1,1,0,0,1
12914,tzone-bt05-data-logger,Tzone BT05 – Data Logger de Temperatura Bluetooth con Sensor Externo,Tzone BT05 – Data Logger de Temperatura Bluetooth con Sensor Externo,1.0,Tzone,Tzone,True,,,quote,False,1008,928,171,0.2903,False,1239,True,8,8,0,0,0,1,1,0,0,1
12917,tzone-tempu05-data-logger,Tzone TempU05 – Data Logger de Temperatura de un Solo Uso con Reporte PDF Automático,Tzone TempU05 – Data Logger de Temperatura de un Solo Uso con Reporte PDF Automático,1.0,Tzone,Tzone,True,,,quote,False,1128,1048,210,0.0172,False,1343,True,10,10,0,0,0,1,1,0,0,1
12920,tzone-tempu02-data-logger,Tzone TempU02 – Data Logger de Temperatura de un Solo Uso (Versión Actualizada),Tzone TempU02 – Data Logger de Temperatura de un Solo Uso (Versión Actualizada),1.0,Tzone,Tzone,True,,,quote,False,1006,902,171,0.3002,False,1283,True,9,9,0,0,0,1,1,0,0,1
12923,manta-de-lana-de-roca-aislamiento,Manta de Lana de Roca – Aislamiento Térmico y Protección contra Incendios de Alto Rendimiento,Manta de Lana de Roca – Aislamiento Térmico y Protección contra Incendios de Alto Rendimiento,1.0,Perfect,Perfect,True,,,quote,False,1025,954,233,0.3713,False,1550,True,7,7,0,0,0,1,1,0,0,1
12926,canuelas-de-lana-de-roca-aislamiento,Cañuelas de Lana de Roca – Aislamiento Térmico Preformado para Tuberías Industriales y Comerciales,Cañuelas de Lana de Roca – Aislamiento Térmico Preformado para Tuberías Industriales y Comerciales,1.0,Perfect,Perfect,True,,,quote,False,1101,1030,286,0.009,False,1582,True,7,7,0,0,0,1,1,0,0,1
12929,cubos-hidroponicos-de-lana-de-roca,Cubos Hidropónicos de Lana de Roca – Sustrato Estéril para Agricultura sin Suelo,Cubos Hidropónicos de Lana de Roca – Sustrato Estéril para Agricultura sin Suelo,1.0,Perfect,Perfect,True,,,quote,False,1273,1202,178,0.2473,False,1668,True,7,7,0,0,0,1,1,0,0,1
12933,canuelas-de-lana-de-roca-aluminio,Cañuelas de Lana de Roca con Recubrimiento de Aluminio – Aislamiento Térmico de Alto Basalto,Cañuelas de Lana de Roca con Recubrimiento de Aluminio – Aislamiento Térmico de Alto Basalto,1.0,Perfect,Perfect,True,,,quote,False,1211,1140,283,0.0206,False,1598,True,7,7,0,0,0,1,1,0,0,1
12937,panel-lana-de-roca-alta-densidad,Panel de Lana de Roca de Alta Densidad (100 kg/m³) – Aislamiento Térmico y Acústico (50mm),Panel de Lana de Roca de Alta Densidad (100 kg/m³) – Aislamiento Térmico y Acústico (50mm),1.0,Perfect,Perfect,True,45.0,45.0,fixed,False,1150,1079,246,0.3587,False,1394,True,8,8,0,0,0,1,1,0,0,1
12943,panel-de-lana-de-roca-con-aluminio,Panel de Lana de Roca con Aluminio – Aislamiento Térmico Duradero e Ignífugo,Panel de Lana de Roca con Aluminio – Aislamiento Térmico Duradero e Ignífugo,1.0,Perfect,Perfect,True,,,quote,False,1049,1001,227,0.3633,False,1025,True,10,10,0,0,0,1,1,0,0,1
12947,manta-de-lana-de-roca-con-malla,Manta de Lana de Roca con Malla de Alambre – Aislamiento Térmico y Acústico,Manta de Lana de Roca con Malla de Alambre – Aislamiento Térmico y Acústico,1.0,Perfect,Perfect,True,,,quote,False,1065,994,164,0.2694,False,1205,True,8,8,0,0,0,1,1,0,0,1
12950,serie-hpc-cable-calefactor,Serie HPC Cable Calefactor Autorregulable de Alta Temperatura (260 °C) – Trazado Térmico Industrial,Serie HPC Cable Calefactor Autorregulable de Alta Temperatura (260 °C) – Trazado Térmico Industrial,1.0,Huanrui,Huanrui,True,,,quote,False,1437,1363,320,0.0035,False,1666,True,9,9,0,0,0,1,1,0,0,1
12953,serie-rdp-cable-calefactor,Serie RDP Cable Calefactor Paralelo de Potencia Constante – Trazado Térmico Industrial,Serie RDP Cable Calefactor Paralelo de Potencia Constante – Trazado Térmico Industrial,1.0,Huanrui,Huanrui,True,,,quote,False,1449,1375,286,0.3299,False,1752,True,11,11,0,0,0,1,1,0,0,1
12956,serie-rdc-cable-calefactor,Serie RDC Cable Calefactor de Potencia Constante – Trazado Térmico Industrial,Serie RDC Cable Calefactor de Potencia Constante – Trazado Térmico Industrial,1.0,Huanrui,Huanrui,True,,,quote,False,1255,1181,235,0.2469,False,2050,True,9,9,0,0,0,1,1,0,0,1
12959,serie-rsr-cable-calefactor,Serie RSR Cable Calefactor Autorregulable para Descongelación de Techos y Canalones,Serie RSR Cable Calefactor Autorregulable para Descongelación de Techos y Canalones,1.0,Huanrui,Huanrui,True,,,quote,False,1596,1522,311,0.0119,False,1749,True,9,9,0,0,0,1,1,0,0,1
12962,kit-msr-de-cable-calefactor,Kit MSR de Cable Calefactor Autorregulable para Protección contra Congelación de Tuberías,Kit MSR de Cable Calefactor Autorregulable para Protección contra Congelación de Tuberías,1.0,Huanrui,Huanrui,True,,,quote,False,1360,1286,250,0.1404,False,1862,True,9,9,0,0,0,1,1,0,0,1
12965,serie-lsr-cable-calefactor,Serie LSR Cable Calefactor Autorregulable de Protección contra Congelación para Tuberías Estándar,Serie LSR Cable Calefactor Autorregulable de Protección contra Congelación para Tuberías Estándar,1.0,Huanrui,Huanrui,True,,,quote,False,1268,1194,237,0.0414,False,1840,True,9,9,0,0,0,1,1,0,0,1
12968,tempu07th-registrador-de-datos,TempU07TH Registrador de Datos de Temperatura y Humedad USB Multiuso,TempU07TH Registrador de Datos de Temperatura y Humedad USB Multiuso,1.0,Tzone,Tzone,True,,,quote,False,1464,1390,257,0.2909,False,1932,True,16,16,0,0,0,1,1,0,0,1
12971,tht02c-sensor-transmisor,THT02C Sensor Transmisor de Temperatura y Humedad con Salida Analógica 4-20mA,THT02C Sensor Transmisor de Temperatura y Humedad con Salida Analógica 4-20mA,1.0,Tzone,Tzone,True,,,quote,False,993,919,187,0.3194,False,1659,True,13,13,0,0,0,1,1,0,0,1
12974,serie-fsr-cable-calefactor,Serie FSR Cable Calefactor Autorregulable de Baja Temperatura para Aplicaciones Industriales y Residenciales,Serie FSR Cable Calefactor Autorregulable de Baja Temperatura para Aplicaciones Industriales y Residenciales,1.0,Huanrui,Huanrui,True,,,quote,False,1440,1366,306,0.0107,False,1941,True,10,10,0,0,0,1,1,0,0,1
12977,hrshtv-cable-calefactor-anti-uv,HRSHTV Cable Calefactor Anti-UV para Descongelación de Techos y Canalones,HRSHTV Cable Calefactor Anti-UV para Descongelación de Techos y Canalones,1.0,Huanrui,Huanrui,True,,,quote,False,1321,1247,232,0.0344,False,1911,True,11,11,0,0,0,1,1,0,0,1
12980,hm-cable-calefactor,HM Cable Calefactor para Derretir Nieve en Hormigón y Asfalto Cable,HM Cable Calefactor para Derretir Nieve en Hormigón y Asfalto Cable,1.0,Huanrui,Huanrui,True,,,quote,False,1309,1235,232,0.306,False,2010,True,13,13,0,0,0,1,1,0,0,1
12983,serie-rsr-cable-calefactor-2,Serie RSR Cable Calefactor Autorregulable para Descongelación de Techos y Canalones,Serie RSR Cable Calefactor Autorregulable para Descongelación de Techos y Canalones,1.0,Huanrui,Huanrui,True,,,quote,False,1530,1456,549,0.0178,False,1956,True,9,9,0,0,0,1,1,0,0,1
12986,serie-lsr-cable-calefactor-2,Serie LSR Cable Calefactor Autorregulable de Protección contra Congelación para Tuberías Estándar,Serie LSR Cable Calefactor Autorregulable de Protección contra Congelación para Tuberías Estándar,1.0,Huanrui,Huanrui,True,,,quote,False,1305,1231,257,0.0239,False,1815,True,9,9,0,0,0,1,1,0,0,1
12989,txlp-cable-calefactor,TXLP Cable Calefactor de Un Solo Conductor con Empalme Oculto en Losa,TXLP Cable Calefactor de Un Solo Conductor con Empalme Oculto en Losa,1.0,Huanrui,Huanrui,True,,,quote,False,1433,1359,240,0.0469,False,2008,True,10,10,0,0,0,1,1,0,0,1
12992,i20-cable-calefactor,I20 Cable Calefactor de Doble Conductor para Suelo Radiante en Solera Cable,I20 Cable Calefactor de Doble Conductor para Suelo Radiante en Solera Cable,1.0,Huanrui,Huanrui,True,,,quote,False,1171,1097,186,0.2792,False,2011,True,12,12,0,0,0,1,1,0,0,1
12995,hrdvt-cable-calefactor,HRDVT Cable Calefactor Coaxial de Doble Conductor para Suelo Radiante y Deshielo,HRDVT Cable Calefactor Coaxial de Doble Conductor para Suelo Radiante y Deshielo,1.0,Huanrui,Huanrui,True,,,quote,False,1248,1174,234,0.3199,False,1967,True,11,11,0,0,0,1,1,0,0,1
12998,ut-mat-alfombrilla-calefactora,UT-Mat Alfombrilla Calefactora de Doble Conductor para Suelo Radiante,UT-Mat Alfombrilla Calefactora de Doble Conductor para Suelo Radiante,1.0,Huanrui,Huanrui,True,,,quote,False,1270,1196,237,0.0082,False,1842,True,11,11,0,0,0,1,1,0,0,1
13001,cable-s-calefactor,Cable S Calefactor de Suelo Radiante Monoconductor Extrafino,Cable S Calefactor de Suelo Radiante Monoconductor Extrafino,1.0,Huanrui,Huanrui,True,,,quote,False,1218,1144,244,0.0042,False,2085,True,11,11,0,0,0,1,1,0,0,1
13004,cable-t-calefactor,Cable T Calefactor de Doble Conductor para Suelo Radiante Bajo Baldosas,Cable T Calefactor de Doble Conductor para Suelo Radiante Bajo Baldosas,1.0,Huanrui,Huanrui,True,,,quote,False,1287,1213,244,0.0108,False,1982,True,11,11,0,0,0,1,1,0,0,1
13007,f-mat-lamina-calefactora,F-Mat Lámina Calefactora Extrafina de FEP para Suelo Radiante,F-Mat Lámina Calefactora Extrafina de FEP para Suelo Radiante,1.0,Huanrui,Huanrui,True,,,quote,False,1268,1194,240,0.0122,False,1581,True,13,13,0,0,0,1,1,0,0,1
13010,s-mat-alfombra-calefactora,S-Mat Alfombra Calefactora Monoconductor Personalizada para Bajo Baldosas,S-Mat Alfombra Calefactora Monoconductor Personalizada para Bajo Baldosas,1.0,Huanrui,Huanrui,True,,,quote,False,1335,1261,248,0.3139,False,1955,True,11,11,0,0,0,1,1,0,0,1
13013,t-mat-alfombra-calefactora,T-Mat Alfombra Calefactora de Doble Conductor para Bajo Baldosas,T-Mat Alfombra Calefactora de Doble Conductor para Bajo Baldosas,1.0,Huanrui,Huanrui,True,,,quote,False,1308,1234,250,0.3262,False,1439,True,11,11,0,0,0,1,1,0,0,1
13016,hrtp-mat-alfombra-calefactora,HRTP Mat Alfombra Calefactora para Descongelación de Suelos en Exteriores,HRTP Mat Alfombra Calefactora para Descongelación de Suelos en Exteriores,1.0,Huanrui,Huanrui,True,,,quote,False,1200,1126,147,0.2208,False,1438,True,11,11,0,0,0,1,1,0,0,1
13019,cable-bhs-calefactor,Cable BHS Calefactor para Curado de Hormigón,Cable BHS Calefactor para Curado de Hormigón,1.0,Huanrui,Huanrui,True,,,quote,False,761,687,130,0.2994,False,1517,True,10,10,0,0,0,1,1,0,0,1
13022,hm-mat-alfombra-calefactora,HM-mat Alfombra Calefactora para Deshielo en Exteriores,HM-mat Alfombra Calefactora para Deshielo en Exteriores,1.0,Huanrui,Huanrui,True,,,quote,False,1118,1044,210,0.0016,False,1583,True,11,11,0,0,0,1,1,0,0,1
13026,hrshtv-cable-calefactor,HRSHTV Cable Calefactor Anti-UV para Descongelación de Techos y Canalones,HRSHTV Cable Calefactor Anti-UV para Descongelación de Techos y Canalones,1.0,Huanrui,Huanrui,True,,,quote,False,1207,1133,143,0.2168,False,911,True,10,10,0,0,0,1,1,0,0,1
13030,sc-cable-calefactor-king-electric,SC Cable Calefactor para Deshielo de Nieve de King Electric,SC Cable Calefactor para Deshielo de Nieve de King Electric,1.0,King Electric,King Electric,True,,,quote,False,1235,1161,173,0.2483,False,1386,True,10,10,0,0,0,1,1,0,0,1
13033,scm-king-electric-alfombra-calefactora,SCM King Electric Alfombra Calefactora para Deshielo de Nieve,SCM King Electric Alfombra Calefactora para Deshielo de Nieve,1.0,King Electric,King Electric,True,,,quote,False,1157,1083,224,0.0195,False,1499,True,12,12,0,0,0,1,1,0,0,1
13036,srp-king-electric-cable-calefactor,SRP King Electric Cable Calefactor Autorregulable para Techos y Canalones,SRP King Electric Cable Calefactor Autorregulable para Techos y Canalones,1.0,King Electric,King Electric,True,,,quote,False,1119,1045,124,0.2033,False,1005,True,10,10,0,0,0,1,1,0,0,1
13040,sr-king-electric-cable-calefactor,SR King Electric Cable Calefactor Autorregulable para Techos y Canalones,Cable Calefactor Autorregulable King Electric Serie SR para Protección contra Congelación de Tuberías y Techos,0.4725,King Electric,King Electric,True,,,quote,False,1144,1070,199,0.2123,False,1495,True,11,17,0,0,6,1,1,0,0,1
13044,ct-king-electric-cable-calefactor,CT King Electric Cable Calefactor Autorregulable para Protección de Tuberías,CT King Electric Cable Calefactor Autorregulable para Protección de Tuberías,1.0,King Electric,King Electric,True,,,quote,False,1237,1163,238,0.33,False,1687,True,12,12,0,0,0,1,1,0,0,1
13047,tc-king-electric-cable-calefactor,TC King Electric Cable Calefactor para Almacenamiento Térmico,TC King Electric Cable Calefactor para Almacenamiento Térmico,1.0,King Electric,King Electric,True,,,quote,False,1219,1145,214,0.0173,False,1097,True,12,12,0,0,0,1,1,0,0,1
13050,tcm-king-electric-alfombra-calefactora,TCM King Electric Alfombra Calefactora para Almacenamiento Térmico,TCM King Electric Alfombra Calefactora para Almacenamiento Térmico,1.0,King Electric,King Electric,True,,,quote,False,1267,1193,213,0.0476,False,1682,True,11,11,0,0,0,1,1,0,0,1
13053,udg-4999-king-electric-termostato,UDG-4999 King Electric Termostato Programable para Suelo Radiante con GFCI,UDG-4999 King Electric Termostato Programable para Suelo Radiante con GFCI,1.0,King Electric,King Electric,True,,,quote,False,1185,1111,215,0.3043,False,1111,True,12,12,0,0,0,1,1,0,0,1
13056,usg-4000-king-electric-rele,USG-4000 King Electric Relé Esclavo para Termostato de Suelo Radiante,USG-4000 King Electric Relé Esclavo para Termostato de Suelo Radiante,1.0,King Electric,King Electric,True,,,quote,False,1210,1136,201,0.2899,False,981,True,10,10,0,0,0,1,1,0,0,1
13060,pyrobox3-19-king-electric-controlador,PYROBOX3/19 King Electric Controlador para Deshielo de Nieve,PYROBOX3/19 King Electric Controlador para Deshielo de Nieve,1.0,King Electric,King Electric,True,,,quote,False,1071,997,193,0.3093,False,1335,True,10,10,0,0,0,1,1,0,0,1
13063,pyrobox3c-19-king-electric-controlador,PYROBOX3C/19 King Electric Controlador para Deshielo de Nieve,PYROBOX3C/19 King Electric Controlador para Deshielo de Nieve,1.0,King Electric,King Electric,True,,,quote,False,1206,1132,296,0.0304,False,1470,True,10,10,0,0,0,1,1,0,0,1
13066,pyrobox5-19-king-electric-controlador,PYROBOX5/19 King Electric Controlador para Deshielo de Nieve,PYROBOX5/19 King Electric Controlador para Deshielo de Nieve,1.0,King Electric,King Electric,True,,,quote,False,1203,1129,296,0.0235,False,1468,True,10,10,0,0,0,1,1,0,0,1
13069,pyrosense-19-king-electric-sensor,PYROSENSE/19 King Electric Sensor Electrónico de Nieve y Hielo,PYROSENSE/19 King Electric Sensor Electrónico de Nieve y Hielo,1.0,King Electric,King Electric,True,,,quote,False,984,910,187,0.3251,False,1551,True,7,7,0,0,0,1,1,0,0,1
13074,pyrocon19-king-electric-controlador,PYROCON19 King Electric Controlador Principal de Deshielo,PYROCON19 King Electric Controlador Principal de Deshielo,1.0,King Electric,King Electric,True,,,quote,False,854,780,128,0.2646,False,1558,True,8,8,0,0,0,1,1,0,0,1
13078,gf-pro-king-electric-controlador,GF PRO King Electric Controlador Automático de Deshielo con GFEP,GF PRO King Electric Controlador Automático de Deshielo con GFEP,1.0,King Electric,King Electric,True,,,quote,False,1004,930,190,0.3229,False,1613,True,9,9,0,0,0,1,1,0,0,1
13081,ktw-king-electric-calentador,KTW King Electric Calentador de Zócalo Convertible Horizontal/Vertical,KTW King Electric Calentador de Zócalo Convertible Horizontal/Vertical,1.0,King Electric,King Electric,True,,,quote,False,1082,1008,142,0.2375,False,1435,True,10,10,0,0,0,1,1,0,0,1
13084,kt-mw-king-electric-calentador,KT-MW King Electric Calentador de Zócalo Multivataje,KT-MW King Electric Calentador de Zócalo Multivataje,1.0,King Electric,King Electric,True,,,quote,False,1177,1100,275,0.3861,False,1455,True,10,10,0,0,0,1,1,0,0,1
13087,px-eco2s-pro-king-electric-calentador,PX ECO2S PRO King Electric Calentador de Pared Programable,PX ECO2S PRO King Electric Calentador de Pared Programable,1.0,King Electric,King Electric,True,,,quote,False,1148,1074,180,0.2751,False,1496,True,10,10,0,0,0,1,1,0,0,1
13090,px-comfortcraft-king-electric,PX COMFORTCRAFT King Electric Calentador de Pared de Diseño,PX COMFORTCRAFT King Electric Calentador de Pared de Diseño,1.0,King Electric,King Electric,True,,,quote,False,1242,1168,255,0.3462,False,1628,True,10,10,0,0,0,1,1,0,0,1
13093,paw-ultra-king-electric-calentador,PAW ULTRA King Electric Calentador de Pared de Diseñador,PAW ULTRA King Electric Calentador de Pared de Diseñador,1.0,King Electric,King Electric,True,,,quote,False,1120,1046,187,0.2895,False,1670,True,9,9,0,0,0,1,1,0,0,1
13096,paw-king-electric-calentador,PAW King Electric Calentador de Pared de Aleta de Acero,PAW King Electric Calentador de Pared de Aleta de Acero,1.0,King Electric,King Electric,True,,,quote,False,934,860,127,0.2449,False,1533,True,10,10,0,0,0,1,1,0,0,1
13099,w-king-electric-calentador,W King Electric Calentador de Pared Económico,W King Electric Calentador de Pared Económico,1.0,King Electric,King Electric,True,,,quote,False,1025,951,157,0.2703,False,1380,True,10,10,0,0,0,1,1,0,0,1
13102,whfc-king-electric-calentador,WHFC King Electric Calentador Pequeño de Techo,WHFC King Electric Calentador Pequeño de Techo,1.0,King Electric,King Electric,True,,,quote,False,1155,1081,140,0.2201,False,1423,True,11,11,0,0,0,1,1,0,0,1
13105,whf-hm-king-electric-calentador,WHF-HM King Electric Calentador de Pared de Montaje Alto,WHF-HM King Electric Calentador de Pared de Montaje Alto,1.0,King Electric,King Electric,True,,,quote,False,972,898,194,0.3369,False,1694,True,10,10,0,0,0,1,1,0,0,1
13108,wsc-king-electric-calentador,WSC King Electric Calentador de Superficie para Exteriores,WSC King Electric Calentador de Superficie para Exteriores,1.0,King Electric,King Electric,True,,,quote,False,1260,1186,237,0.3193,False,1254,True,10,10,0,0,0,1,1,0,0,1
13111,modelo-u-king-electric-calentador,"Modelo U King Electric Calentador de Utilidad Industrial, Protección Anticongelante para Válvulas y Bombas con Termostato Integrado","Modelo U King Electric Calentador de Utilidad Industrial, Protección Anticongelante para Válvulas y Bombas con Termostato Integrado",1.0,King Electric,King Electric,True,,,quote,False,1177,1106,218,0.0044,False,1473,True,8,8,0,0,0,1,1,0,0,1
13114,kcf-safe-touch-king-electric-calentador,"Modelo KCF Safe Touch King Electric Calentador de Gabinete Comercial, Superficie Segura al Tacto Máx 120°F, Núcleo de Cerámica de Alta Masa, Ideal para Guarderías y Residencias, 5 Colores Disponibles","Modelo KCF Safe Touch King Electric Calentador de Gabinete Comercial, Superficie Segura al Tacto Máx 120°F, Núcleo de Cerámica de Alta Masa, Ideal para Guarderías y Residencias, 5 Colores Disponibles",1.0,King Electric,King Electric,True,,,quote,False,1470,1399,256,0.2993,False,1478,True,10,10,0,0,0,1,1,0,0,1
13117,kcf-king-electric-calentador,"Modelo KCF King Electric Calentador de Gabinete Compacto, Calor Forzado, Operación Silenciosa, Diseño Delgado","Modelo KCF King Electric Calentador de Gabinete Compacto, Calor Forzado, Operación Silenciosa, Diseño Delgado",1.0,King Electric,King Electric,True,,,quote,False,1489,1418,138,0.1717,False,1645,True,10,10,0,0,0,1,1,0,0,1
13120,lpw-eco2s-pro-king-electric,"Modelo LPW ECO2S PRO King Electric Calentador de Pared Inteligente, Termostato Programable 7 Días, Sensor Remoto y Ahorro de Energía","Modelo LPW ECO2S PRO King Electric Calentador de Pared Inteligente, Termostato Programable 7 Días, Sensor Remoto y Ahorro de Energía",1.0,King Electric,King Electric,True,,,quote,False,1417,1346,254,0.0061,False,1972,True,10,10,0,0,0,1,1,0,0,1
13123,lpw-comfortcraft-king-calentador,"Modelo LPW ComfortCraft King Electric Calentador de Pared de Diseño, Potencia Seleccionable Pic-A-Watt hasta 4500W, Termostato Integrado y Selector de 3 Posiciones","Modelo LPW ComfortCraft King Electric Calentador de Pared de Diseño, Potencia Seleccionable Pic-A-Watt hasta 4500W, Termostato Integrado y Selector de 3 Posiciones",1.0,King Electric,King Electric,True,,,quote,False,1493,1422,266,0.007,False,1611,True,10,10,0,0,0,1,1,0,0,1
13126,lpwc-king-electric-calentador,"Modelo LPWC King Electric Calentador de Techo Comercial e Industrial, Potencia Seleccionable Pic-A-Watt 1250-4500W, Interruptor a Prueba de Manipulaciones","Modelo LPWC King Electric Calentador de Techo Comercial e Industrial, Potencia Seleccionable Pic-A-Watt 1250-4500W, Interruptor a Prueba de Manipulaciones",1.0,King Electric,King Electric,True,,,quote,False,1497,1426,262,0.3013,False,1746,True,10,10,0,0,0,1,1,0,0,1
13129,lpwa-king-electric-calentador,"Modelo LPWA King Electric Calentador de Pared Arquitectónico, Potencia Pic-A-Watt, Termostato Antimanipulación, Ideal para Pasillos Comerciales","Modelo LPWA King Electric Calentador de Pared Arquitectónico, Potencia Pic-A-Watt, Termostato Antimanipulación, Ideal para Pasillos Comerciales",1.0,King Electric,King Electric,True,,,quote,False,1320,1249,221,0.012,False,1501,True,10,10,0,0,0,1,1,0,0,1
13132,lpwv-king-electric-calentador,"Modelo LPWV King Electric Calentador Antivandálico, Rejilla de Acero 3/16"", Pic-A-Watt, Ideal para Áreas Públicas y Prisiones","Modelo LPWV King Electric Calentador Antivandálico, Rejilla de Acero 3/16"", Pic-A-Watt, Ideal para Áreas Públicas y Prisiones",1.0,King Electric,King Electric,True,,,quote,False,1373,1302,244,0.0051,False,1737,True,10,10,0,0,0,1,1,0,0,1
13135,kbp-eco2s-king-calentador,Modelo KBP ECO2S King Electric Calentador Electrónico Inteligente de 2 Etapas con Termostato ECO2S y Control Remoto,Modelo KBP ECO2S King Electric Calentador Electrónico Inteligente de 2 Etapas con Termostato ECO2S y Control Remoto,1.0,King Electric,King Electric,True,,,quote,False,1531,1460,285,0.3179,False,1682,True,10,10,0,0,0,1,1,0,0,1
13138,kbp-platinumx-bms-king-calentador,"Modelo KBP PLATINUMX BMS King Electric Calentador Electrónico Industrial, Compatible con NEST y Sistemas BMS, Control Remoto","Modelo KBP PLATINUMX BMS King Electric Calentador Electrónico Industrial, Compatible con NEST y Sistemas BMS, Control Remoto",1.0,King Electric,King Electric,True,,,quote,False,1587,1516,127,0.15,False,2001,True,10,10,0,0,0,1,1,0,0,1
13142,kbp-series-2-king-calentador,"Modelo KBP Series 2 King Electric Calentador de Unidad Compacto Multivataje Pic-A-Watt, Termostato de Alta Precisión Integrado, Flujo de 385 CFM, Soporte Universal Pared/Techo","Modelo KBP Series 2 King Electric Calentador de Unidad Compacto Multivataje Pic-A-Watt, Termostato de Alta Precisión Integrado, Flujo de 385 CFM, Soporte Universal Pared/Techo",1.0,King Electric,King Electric,True,,,quote,False,1615,1544,297,0.3131,False,1748,True,10,10,0,0,0,1,1,0,0,1
13147,kbp-eco2s-pro-calentador,"Modelo KBP ECO2S PRO King Electric Calentador de Unidad Inteligente de 2 Etapas, Termostato Inalámbrico Programable 7 Días, Diseño ECO2S, Compatible con Sensores y Zonas de Calor","Modelo KBP ECO2S PRO King Electric Calentador de Unidad Inteligente de 2 Etapas, Termostato Inalámbrico Programable 7 Días, Diseño ECO2S, Compatible con Sensores y Zonas de Calor",1.0,King Electric,King Electric,True,,,quote,False,1518,1447,274,0.3099,False,1892,True,11,11,0,0,0,1,1,0,0,1
13150,kbp-platinumx-pro-calentador,"Modelo KBP PLATINUMX PRO King Electric Calentador de Unidad Comercial, Termostato Inalámbrico Programable 7 Días, Compatible con NEST y BMS, Zonas de Calor Inteligentes, Pic-A-Watt","Modelo KBP PLATINUMX PRO King Electric Calentador de Unidad Comercial, Termostato Inalámbrico Programable 7 Días, Compatible con NEST y BMS, Zonas de Calor Inteligentes, Pic-A-Watt",1.0,King Electric,King Electric,True,,,quote,False,1704,1633,147,0.1615,False,1954,True,11,11,0,0,0,1,1,0,0,1
13153,modelo-krf-b-kit-king-electric,"Modelo KRF-B-KIT King Electric Kit de Termostato Inalámbrico Multisistema ThermaLink para Bombas de Calor y Calefacción de Respaldo, Pantalla Táctil Programable 7 Días, Cumple con Códigos de Energía","Modelo KRF-B-KIT King Electric Kit de Termostato Inalámbrico Multisistema ThermaLink para Bombas de Calor y Calefacción de Respaldo, Pantalla Táctil Programable 7 Días, Cumple con Códigos de Energía",1.0,King Electric,King Electric,True,,,quote,False,1562,1491,300,0.3269,False,1757,True,11,11,0,0,0,1,1,0,0,1
13156,krf-heat-kit-king-electric,"Modelo KRF-HEAT-KIT King Electric Kit de Termostato Inalámbrico ThermaLink, Control para Calefactores Eléctricos, Programable 7 Días","Modelo KRF-HEAT-KIT King Electric Kit de Termostato Inalámbrico ThermaLink, Control para Calefactores Eléctricos, Programable 7 Días",1.0,King Electric,King Electric,True,,,quote,False,1325,1254,275,0.0142,False,1729,True,11,11,0,0,0,1,1,0,0,1
13159,kbsh-king-electric-calentador,"Modelo KBSH King Electric Calentador de Unidad de Acero Inoxidable para Alta Temperatura, Hasta 160°F, Panel de Control Remoto, Gabinete NEMA 4 Lavable, Ideal para Plantas de Alimentos y Laboratorios","Modelo KBSH King Electric Calentador de Unidad de Acero Inoxidable para Alta Temperatura, Hasta 160°F, Panel de Control Remoto, Gabinete NEMA 4 Lavable, Ideal para Plantas de Alimentos y Laboratorios",1.0,King Electric,King Electric,True,,,quote,False,1488,1417,166,0.2026,False,1843,True,11,11,0,0,0,1,1,0,0,1
13162,kbp-rcs-king-electric-calentador,"Modelo KBP-RCS King Electric Calentador de Unidad Reforzado de Arranque en Frío hasta -40°F, Precalentamiento de Motor, Pic-A-Watt, Estándar Militar Antivibración, Compatible con Termostato 24V","Modelo KBP-RCS King Electric Calentador de Unidad Reforzado de Arranque en Frío hasta -40°F, Precalentamiento de Motor, Pic-A-Watt, Estándar Militar Antivibración, Compatible con Termostato 24V",1.0,King Electric,King Electric,True,,,quote,False,1510,1439,244,0.2788,False,1882,True,11,11,0,0,0,1,1,0,0,1
13165,hoot-wifi-king-electric-termostato,"Modelo HOOT WIFI King Electric Termostato Programable Inteligente, Pantalla Táctil LCD, Control por App para Smartphone, Ahorro de Energía, Voltaje de Línea Múltiple 120/208/240V, Color Blanco","Modelo HOOT WIFI King Electric Termostato Programable Inteligente, Pantalla Táctil LCD, Control por App para Smartphone, Ahorro de Energía, Voltaje de Línea Múltiple 120/208/240V, Color Blanco",1.0,King Electric,King Electric,True,,,quote,False,1639,1568,308,0.0011,False,1646,True,11,11,0,0,0,1,1,0,0,1
13168,kbp-lhp-king-electric-calentador,"Modelo KBP-LHP Series King Electric Calentador de Unidad Compacto Multivataje con Interruptor Alto/Bajo, Luces Piloto, Termostato Integrado, Pic-A-Watt, Soporte de Pared/Techo","Modelo KBP-LHP Series King Electric Calentador de Unidad Compacto Multivataje con Interruptor Alto/Bajo, Luces Piloto, Termostato Integrado, Pic-A-Watt, Soporte de Pared/Techo",1.0,King Electric,King Electric,True,,,quote,False,1551,1480,314,0.3385,False,1804,True,11,11,0,0,0,1,1,0,0,1
13172,efw-ld-safe-touch-calentador,"Modelo EFW-LD SAFE TOUCH King Electric Calentador de Pared de Baja Densidad, Superficie Segura Máx 120°F, Elemento NiChrome, Ideal para Guarderías y Residencias","Modelo EFW-LD SAFE TOUCH King Electric Calentador de Pared de Baja Densidad, Superficie Segura Máx 120°F, Elemento NiChrome, Ideal para Guarderías y Residencias",1.0,King Electric,King Electric,True,,,quote,False,1336,1265,268,0.3385,False,1735,True,11,11,0,0,0,1,1,0,0,1
13175,kbu-platinumx-bms-calentador,"Modelo KBU PLATINUMX BMS King Electric Calentador Compacto para Pleno (Plenum), Cero Espacio Libre a Combustibles, Compatible con NEST y BMS, Termostato Electrónico Integrado con Control Remoto","Modelo KBU PLATINUMX BMS King Electric Calentador Compacto para Pleno (Plenum), Cero Espacio Libre a Combustibles, Compatible con NEST y BMS, Termostato Electrónico Integrado con Control Remoto",1.0,King Electric,King Electric,True,,,quote,False,1682,1611,221,0.2326,False,1932,True,11,11,0,0,0,1,1,0,0,1
13178,modelo-k-king-electric-calentador,"Modelo K King Electric Calentador de Zócalo Eléctrico por Convección Natural, Elemento a Prueba de Aplastamiento, Límite de Seguridad SureStop, Operación Silenciosa, Ideal para Apartamentos y Dormitorios","Modelo K King Electric Calentador de Zócalo Eléctrico por Convección Natural, Elemento a Prueba de Aplastamiento, Límite de Seguridad SureStop, Operación Silenciosa, Ideal para Apartamentos y Dormitorios",1.0,King Electric,King Electric,True,,,quote,False,1618,1547,124,0.1442,False,1796,True,11,11,0,0,0,1,1,0,0,1
13181,kph1210-king-electric-calentador,"Modelo KPH1210 King Electric Calentador de Zócalo Portátil Compacto, Termostato Integrado, 120V, Calor por Convección Silencioso, Elemento a Prueba de Aplastamiento, Interruptor Antivuelco, Ideal para Dormitorios","Modelo KPH1210 King Electric Calentador de Zócalo Portátil Compacto, Termostato Integrado, 120V, Calor por Convección Silencioso, Elemento a Prueba de Aplastamiento, Interruptor Antivuelco, Ideal para Dormitorios",1.0,King Electric,King Electric,True,,,quote,False,1388,1317,237,0.2953,False,1554,True,10,10,0,0,0,1,1,0,0,1
13184,kp1210-king-electric-calentador,"Modelo KP1210 King Electric Calentador de Zócalo Portátil, Termostato Integrado, 120V, Calor por Convección Silencioso, Elemento a Prueba de Aplastamiento, Interruptor Antivuelco","Modelo KP1210 King Electric Calentador de Zócalo Portátil, Termostato Integrado, 120V, Calor por Convección Silencioso, Elemento a Prueba de Aplastamiento, Interruptor Antivuelco",1.0,King Electric,King Electric,True,,,quote,False,1515,1444,173,0.2075,False,1573,True,10,10,0,0,0,1,1,0,0,1
13187,kp1215-eco-king-electric-calentador,"Modelo KP1215-ECO King Electric Calentador de Zócalo Portátil Inteligente, 2 Etapas, Ahorro de Energía ECO-Stat, 120V, Antivuelco","Modelo KP1215-ECO King Electric Calentador de Zócalo Portátil Inteligente, 2 Etapas, Ahorro de Energía ECO-Stat, 120V, Antivuelco",1.0,King Electric,King Electric,True,,,quote,False,1361,1290,230,0.2935,False,1674,True,11,11,0,0,0,1,1,0,0,1
13191,modelo-cb-120-volt-calentador,"Modelo CB - 120 VOLT King Electric Calentador de Zócalo con Núcleo de Cerámica, Calor de Baja Densidad, SureStop, Convección Natural","Modelo CB - 120 VOLT King Electric Calentador de Zócalo con Núcleo de Cerámica, Calor de Baja Densidad, SureStop, Convección Natural",1.0,King Electric,King Electric,True,,,quote,False,1393,1322,252,0.2628,False,1719,True,10,10,0,0,0,1,1,0,0,1
13195,ez-connect-k-calentador,"Modelo EZ-CONNECT™ K Series Backwired King Electric Calentador de Zócalo de Instalación Rápida, Cableado Posterior, Alivio de Tensión Integrado, SureStop","Modelo EZ-CONNECT™ K Series Backwired King Electric Calentador de Zócalo de Instalación Rápida, Cableado Posterior, Alivio de Tensión Integrado, SureStop",1.0,King Electric,King Electric,True,,,quote,False,1253,1182,288,0.3787,False,1729,True,10,10,0,0,0,1,1,0,0,1
13203,okb-king-electric-calentador,"Modelo OKB King Electric Calentador Radiante para Uso en Interiores, Elemento Incoloy®, Extensión de 60°, Calentamiento Focalizado (Spot Heating)","Modelo OKB King Electric Calentador Radiante para Uso en Interiores, Elemento Incoloy®, Extensión de 60°, Calentamiento Focalizado (Spot Heating)",1.0,King Electric,King Electric,True,,,quote,False,1253,1182,242,0.329,False,1575,True,9,9,0,0,0,1,1,0,0,1
13206,serie-micro-cpu-controladores,"Modelo Serie Micro CPU de Horner Automation Controladores Modulares (CPU200, CPU250, CPU300), Comunicaciones Ethernet/CAN, Expandibles con OCS-I/O","Modelo Serie Micro CPU de Horner Automation Controladores Modulares (CPU200, CPU250, CPU300), Comunicaciones Ethernet/CAN, Expandibles con OCS-I/O",1.0,Horner,Horner,True,,,quote,False,1499,1428,177,0.2162,False,1862,True,10,10,0,0,0,1,1,0,0,1
13209,canvas-4-horner-controlador,"Modelo Canvas 4 Horner Automation Controlador All-in-One, Motor Gráfico Cscape 10, Pantalla 3.5"" QVGA, I/O Integradas, Ethernet, MQTT, WebMI","Modelo Canvas 4 Horner Automation Controlador All-in-One, Motor Gráfico Cscape 10, Pantalla 3.5"" QVGA, I/O Integradas, Ethernet, MQTT, WebMI",1.0,Horner,Horner,True,,,quote,False,1373,1302,256,0.0064,False,1792,True,12,12,0,0,0,1,1,0,0,1
13212,canvas-5-horner-controlador,"Modelo Canvas 5 Horner Automation Controlador All-in-One, Pantalla 4.3"" TFT, 12 I/O Integradas, Motor Gráfico Cscape 10, Ethernet, MQTT, WebMI","Modelo Canvas 5 Horner Automation Controlador All-in-One, Pantalla 4.3"" TFT, 12 I/O Integradas, Motor Gráfico Cscape 10, Ethernet, MQTT, WebMI",1.0,Horner,Horner,True,,,quote,False,1481,1410,136,0.1722,False,1997,True,12,12,0,0,0,1,1,0,0,1
13215,canvas-7-horner-controlador,"Modelo Canvas 7 Horner Automation Controlador All-in-One, Pantalla 7"" WVGA, Hasta 42 I/O Integradas, Motor Gráfico Cscape 10, Ethernet, MQTT, WebMI","Modelo Canvas 7 Horner Automation Controlador All-in-One, Pantalla 7"" WVGA, Hasta 42 I/O Integradas, Motor Gráfico Cscape 10, Ethernet, MQTT, WebMI",1.0,Horner,Horner,True,,,quote,False,1332,1261,241,0.3058,False,1893,True,11,11,0,0,0,1,1,0,0,1
13218,canvas-7d-horner-controlador,"Modelo Canvas 7D Horner Automation Controlador All-in-One, Pantalla 7"" WVGA con Teclas Físicas, Doble Ethernet y Doble CAN, Hasta 42 I/O, Motor Gráfico Cscape 10","Modelo Canvas 7D Horner Automation Controlador All-in-One, Pantalla 7"" WVGA con Teclas Físicas, Doble Ethernet y Doble CAN, Hasta 42 I/O, Motor Gráfico Cscape 10",1.0,Horner,Horner,True,,,quote,False,1618,1547,189,0.208,False,1862,True,13,13,0,0,0,1,1,0,0,1
13221,canvas-10d-horner-controlador,"Modelo Canvas 10D Horner Automation Controlador All-in-One, Pantalla 10.1"" WSVGA, Doble Ethernet y Doble CAN, Hasta 42 I/O, Motor Gráfico Cscape 10","Modelo Canvas 10D Horner Automation Controlador All-in-One, Pantalla 10.1"" WSVGA, Doble Ethernet y Doble CAN, Hasta 42 I/O, Motor Gráfico Cscape 10",1.0,Horner,Horner,True,,,quote,False,1582,1511,171,0.1941,False,1930,True,13,13,0,0,0,1,1,0,0,1
13224,calentadores-de-cartucho-mpi,"Calentadores de Cartucho MPI Morheat Calefacción Industrial Localizada de Precisión, Construcción en Acero Inoxidable/INCOLOY, Hasta 1400°F","Calentadores de Cartucho MPI Morheat Calefacción Industrial Localizada de Precisión, Construcción en Acero Inoxidable/INCOLOY, Hasta 1400°F",1.0,MPI,MPI,True,,,quote,False,1511,1440,168,0.2038,False,1602,True,11,11,0,0,0,1,1,0,0,1
13227,calentador-de-cartucho-alta-temperatura,"Calentador de Cartucho MPI Morheat para Calefacción Industrial de Precisión, Construcción en Acero Inoxidable/INCOLOY, Hasta 1400°F","Calentador de Cartucho MPI Morheat para Calefacción Industrial de Precisión, Construcción en Acero Inoxidable/INCOLOY, Hasta 1400°F",1.0,MPI,MPI,True,,,quote,False,1425,1354,160,0.2056,False,1337,True,13,13,0,0,0,1,1,0,0,1
13230,calentador-de-cartucho-para-matriz-de-peletizadora-subacuatica,"Calentador de Cartucho para Matriz de Peletizadora Subacuática MPI Morheat, Alta Densidad, Brida de Montaje Inoxidable","Calentador de Cartucho para Matriz de Peletizadora Subacuática MPI Morheat, Alta Densidad, Brida de Montaje Inoxidable",1.0,MPI,MPI,True,,,quote,False,1367,1296,287,0.1085,False,1733,True,10,10,0,0,0,1,1,0,0,1
13233,calentador-de-cartucho-cuadrado,"Calentador de Cartucho Cuadrado MPI Morheat para Ranuras Fresadas, Diseño Estampado de Alta Densidad, Aprobado por CSAus","Calentador de Cartucho Cuadrado MPI Morheat para Ranuras Fresadas, Diseño Estampado de Alta Densidad, Aprobado por CSAus",1.0,MPI,MPI,True,,,quote,False,1479,1408,133,0.1673,False,1611,True,11,11,0,0,0,1,1,0,0,1
13237,calentador-de-cartucho-tipo-perno,"Modelo Calentador de Cartucho Tipo Perno MPI Morheat, Diseño Estampado de Alta Densidad, Aprobado por CSAus","Modelo Calentador de Cartucho Tipo Perno MPI Morheat, Diseño Estampado de Alta Densidad, Aprobado por CSAus",1.0,MPI,MPI,True,,,quote,False,1377,1303,239,0.2996,False,1548,True,9,9,0,0,0,1,1,0,0,1
13238,calentador-de-cartucho-de-inmersion,"Modelo Calentador de Cartucho de Inmersión MPI Morheat, Aprobado por CSAus, Envío Rápido","Modelo Calentador de Cartucho de Inmersión MPI Morheat, Aprobado por CSAus, Envío Rápido",1.0,MPI,MPI,True,,,quote,False,1302,1228,234,0.106,False,1296,True,6,6,0,0,0,1,1,0,0,1
13245,calentador-de-cartucho-de-funda-dividida,"Modelo Calentador de Cartucho de Funda Dividida MPI Morheat, Alta Eficiencia, Aprobado por CSAus","Modelo Calentador de Cartucho de Funda Dividida MPI Morheat, Alta Eficiencia, Aprobado por CSAus",1.0,MPI,MPI,True,,,quote,False,1414,1340,175,0.2224,False,1528,True,7,7,0,0,0,1,1,0,0,1
13248,calentador-de-cartucho-miniatura,"Modelo Calentador de Cartucho Miniatura MPI Morheat, Precisión y Alta Durabilidad, Aprobado por CSAus","Modelo Calentador de Cartucho Miniatura MPI Morheat, Precisión y Alta Durabilidad, Aprobado por CSAus",1.0,MPI,MPI,True,,,quote,False,1395,1321,262,0.3167,False,1293,True,7,7,0,0,0,1,1,0,0,1
13251,calentador-de-cartucho-con-sensor,"Modelo Calentador de Cartucho con Sensor de Temperatura Interno MPI Morheat, Precisión y Control Integrado, Aprobado por CSAus","Modelo Calentador de Cartucho con Sensor de Temperatura Interno MPI Morheat, Precisión y Control Integrado, Aprobado por CSAus",1.0,MPI,MPI,True,,,quote,False,1270,1196,171,0.2423,False,1202,True,7,7,0,0,0,1,1,0,0,1
13254,calentador-de-banda-de-mica,"Calentador de Banda de Mica MPI Morheat, Alta Eficiencia, Aprobado por CSAus","Calentador de Banda de Mica MPI Morheat, Alta Eficiencia, Aprobado por CSAus",1.0,MPI,MPI,True,,,quote,False,1197,1123,197,0.2885,False,1306,True,8,8,0,0,0,1,1,0,0,1
13257,calentador-de-banda-de-ceramica,"Calentador de Banda de Cerámica MPI Morheat, Alta Temperatura, Aislamiento Térmico Eficiente","Calentador de Banda de Cerámica MPI Morheat, Alta Temperatura, Aislamiento Térmico Eficiente",1.0,MPI,MPI,True,,,quote,False,1260,1186,279,0.3675,False,1455,True,8,8,0,0,0,1,1,0,0,1
13260,calentador-de-banda-de-aluminio,"Calentador de Banda de Aluminio MPI Morheat, Alta Conductividad Térmica, Enfriamiento Rápido","Calentador de Banda de Aluminio MPI Morheat, Alta Conductividad Térmica, Enfriamiento Rápido",1.0,MPI,MPI,True,,,quote,False,1316,1242,263,0.0247,False,1414,True,10,10,0,0,0,1,1,0,0,1
13263,calentador-de-tambor-de-goma,"Calentador de Tambor de Goma de Silicona MPI Morheat, Termostato Ajustable, Listado cUL","Calentador de Tambor de Goma de Silicona MPI Morheat, Termostato Ajustable, Listado cUL",1.0,MPI,MPI,True,,,quote,False,1397,1323,213,0.0397,False,1333,True,11,11,0,0,0,1,1,0,0,1
13266,calentador-de-bobina-con-abrazadera-axial,"Calentador de Bobina con Abrazadera Axial MPI Morheat, Diseño de Bajo Perfil, Alta Transferencia Térmica","Calentador de Bobina con Abrazadera Axial MPI Morheat, Diseño de Bajo Perfil, Alta Transferencia Térmica",1.0,MPI,MPI,True,,,quote,False,1314,1237,274,0.3504,False,1467,True,14,14,0,0,0,1,1,0,0,1
13269,calentador-fundido-para-cabezal,"Calentador Fundido para Cabezal de Extrusión MPI Morheat, Alta Resistencia, Diseño Personalizado","Calentador Fundido para Cabezal de Extrusión MPI Morheat, Alta Resistencia, Diseño Personalizado",1.0,MPI,MPI,True,,,quote,False,1422,1348,298,0.006,False,1064,True,9,9,0,0,0,1,1,0,0,1
13272,calentador-de-banda-con-aislamiento,"Calentador de Banda con Aislamiento Mineral MPI Morheat, Alta Temperatura, Perfil Delgado","Calentador de Banda con Aislamiento Mineral MPI Morheat, Alta Temperatura, Perfil Delgado",1.0,MPI,MPI,True,,,quote,False,1351,1277,239,0.3057,False,1319,True,10,10,0,0,0,1,1,0,0,1
13281,calentador-de-banda-tubular,"Calentador de Banda Tubular MPI Morheat, Alta Temperatura, Cobertura Uniforme","Calentador de Banda Tubular MPI Morheat, Alta Temperatura, Cobertura Uniforme",1.0,MPI,MPI,True,,,quote,False,1381,1307,262,0.3237,False,1301,True,10,10,0,0,0,1,1,0,0,1
13284,calentador-de-tira-de-mica-mpi,"Calentador de Tira de Mica MPI Morheat, Alta Personalización, Temperatura Máxima 482 °C","Calentador de Tira de Mica MPI Morheat, Alta Personalización, Temperatura Máxima 482 °C",1.0,MPI,MPI,True,,,quote,False,1569,1495,273,0.2972,False,1267,True,13,13,0,0,0,1,1,0,0,1
13287,calentador-de-tira-de-ceramica,"Calentador de Tira de Cerámica MPI Morheat, Alta Capacidad Térmica, Altamente Personalizable","Calentador de Tira de Cerámica MPI Morheat, Alta Capacidad Térmica, Altamente Personalizable",1.0,MPI,MPI,True,,,quote,False,1318,1244,226,0.2928,False,1930,True,11,11,0,0,0,1,1,0,0,1
13290,calentador-de-tira-de-canal-aleteado,"Calentador de Tira de Canal Aleteado MPI Morheat, Alta Disipación de Calor, Funda de Acero Inoxidable","Calentador de Tira de Canal Aleteado MPI Morheat, Alta Disipación de Calor, Funda de Acero Inoxidable",1.0,MPI,MPI,True,,,quote,False,1535,1461,324,0.1126,False,1315,True,12,12,0,0,0,1,1,0,0,1
13293,calentador-de-tira-de-alta-temperatura,"Calentador de Tira de Alta Temperatura MPI Morheat, Funda INCOLOY®, 816 °C (1500 °F)","Calentador de Tira de Alta Temperatura MPI Morheat, Funda INCOLOY®, 816 °C (1500 °F)",1.0,MPI,MPI,True,,,quote,False,1285,1211,269,0.012,False,1427,True,10,10,0,0,0,1,1,0,0,1
13297,manguera-calefactada-mpi-morheat,"Manguera Calefactada para la Industria del Plástico MPI Morheat, Alta Presión, Núcleo de PTFE T3","Manguera Calefactada para la Industria del Plástico MPI Morheat, Alta Presión, Núcleo de PTFE T3",1.0,MPI,MPI,True,,,quote,False,1269,1195,269,0.0067,False,1352,True,11,11,0,0,0,1,1,0,0,1
13300,cable-calefactor-autorregulable-de-baja-temperatura,"Cable Calefactor Autorregulable de Baja Temperatura MPI Morheat, 66 °C (150 °F), Protección contra Congelamiento","Cable Calefactor Autorregulable de Baja Temperatura MPI Morheat, 66 °C (150 °F), Protección contra Congelamiento",1.0,MPI,MPI,True,,,quote,False,1508,1434,300,0.3383,False,1460,True,11,11,0,0,0,1,1,0,0,1
13304,panel-de-control-de-temperatura-y-potencia,"Panel de Control de Temperatura y Potencia MPI Morheat, Diseño Personalizado, Aprobación UL","Panel de Control de Temperatura y Potencia MPI Morheat, Diseño Personalizado, Aprobación UL",1.0,MPI,MPI,True,,,quote,False,1403,1329,280,0.3387,False,1331,True,13,13,0,0,0,1,1,0,0,1
13307,btc-2500-mpi-morheat-controlador,"Controlador de Temperatura y Procesos BTC-2500 MPI Morheat, Lógica Difusa y PID, Aprobado por UL","Controlador de Temperatura y Procesos BTC-2500 MPI Morheat, Lógica Difusa y PID, Aprobado por UL",1.0,MPI,MPI,True,,,quote,False,1451,1377,324,0.3715,False,1353,True,13,13,0,0,0,1,1,0,0,1
13310,btc-4300-mpi-controlador,"Controlador de Temperatura y Procesos BTC-4300 MPI Morheat, Lógica Difusa y PID, Aprobado por UL","Controlador de Temperatura y Procesos BTC-4300 MPI Morheat, Lógica Difusa y PID, Aprobado por UL",1.0,MPI,MPI,True,,,quote,False,1532,1458,348,0.3774,False,1333,True,12,12,0,0,0,1,1,0,0,1
13313,btc-8300-mpi-controlador,"Controlador de Temperatura y Procesos BTC-8300 MPI Morheat, Lógica Difusa y PID, Aprobado por UL","Controlador de Temperatura y Procesos BTC-8300 MPI Morheat, Lógica Difusa y PID, Aprobado por UL",1.0,MPI,MPI,True,,,quote,False,1567,1493,395,0.408,False,1368,True,13,13,0,0,0,1,1,0,0,1
13316,btc-9300-mpi-controlador,"Controlador de Temperatura y Procesos BTC-9300 MPI Morheat, Lógica Difusa y PID, Aprobado por UL","Controlador de Temperatura y Procesos BTC-9300 MPI Morheat, Lógica Difusa y PID, Aprobado por UL",1.0,MPI,MPI,True,,,quote,False,1599,1525,198,0.2218,False,1381,True,12,12,0,0,0,1,1,0,0,1
13319,controlador-de-temp-c21-mpi,"Controlador de Temperatura Electrónico C21 MPI Morheat, Tamaño 1/32 DIN, Lógica Difusa y PID, Aprobado por UL/CSA","Controlador de Temperatura Electrónico C21 MPI Morheat, Tamaño 1/32 DIN, Lógica Difusa y PID, Aprobado por UL/CSA",1.0,MPI,MPI,True,,,quote,False,1533,1459,303,0.3356,False,1605,True,5,5,0,0,0,1,1,0,0,1
13322,controlador-de-temp-c91-mpi,"Controlador de Temperatura Electrónico C91 MPI Morheat, Lógica Difusa y PID, Aprobado por UL/CSA","Controlador de Temperatura Electrónico C91 MPI Morheat, Lógica Difusa y PID, Aprobado por UL/CSA",1.0,MPI,MPI,True,,,quote,False,1535,1461,225,0.2616,False,1335,True,14,14,0,0,0,1,1,0,0,1
13327,controlador-de-temp-btc-4100-mpi,"Controlador de Temperatura Electrónico BTC-4100 MPI Morheat, Lógica Difusa y PID, Aprobado por UL/CSA","Controlador de Temperatura Electrónico BTC-4100 MPI Morheat, Lógica Difusa y PID, Aprobado por UL/CSA",1.0,MPI,MPI,True,,,quote,False,1610,1524,230,0.256,False,1350,True,15,15,0,0,0,1,1,0,0,1
13330,controlador-de-temp-btc-7100-mpi,"Controlador de Temperatura Electrónico BTC-7100 MPI Morheat, Lógica Difusa y PID, Aprobado por UL/CSA","Controlador de Temperatura Electrónico BTC-7100 MPI Morheat, Lógica Difusa y PID, Aprobado por UL/CSA",1.0,MPI,MPI,True,,,quote,False,1614,1540,230,0.2549,False,1350,True,14,14,0,0,0,1,1,0,0,1
13333,controlador-de-temp-btc-8100-mpi,"Controlador de Temperatura Electrónico BTC-8100 MPI Morheat, Lógica Difusa y PID, Aprobado por UL/CSA","Controlador de Temperatura Electrónico BTC-8100 MPI Morheat, Lógica Difusa y PID, Aprobado por UL/CSA",1.0,MPI,MPI,True,,,quote,False,1598,1524,230,0.2572,False,1350,True,15,15,0,0,0,1,1,0,0,1
13336,controlador-de-temp-btc-9100-mpi,"Controlador de Temperatura Electrónico BTC-9100 MPI Morheat, Lógica Difusa y PID, Aprobado por UL/CSA","Controlador de Temperatura Electrónico BTC-9100 MPI Morheat, Lógica Difusa y PID, Aprobado por UL/CSA",1.0,MPI,MPI,True,,,quote,False,1598,1524,230,0.2572,False,1360,True,15,15,0,0,0,1,1,0,0,1
13339,controlador-de-temp-btc-9090-mpi,"Controlador de Temperatura Electrónico BTC-9090 MPI Morheat, Lógica Difusa y PID, Aprobado por UL/CSA","Controlador de Temperatura Electrónico BTC-9090 MPI Morheat, Lógica Difusa y PID, Aprobado por UL/CSA",1.0,MPI,MPI,True,,,quote,False,1598,1524,230,0.2575,False,1449,True,15,15,0,0,0,1,1,0,0,1
13342,controlador-l41-mpi-morheat,"Controlador de Límite de Seguridad L41 MPI Morheat, Sobretemperatura, Alta Precisión 18 bits","Controlador de Límite de Seguridad L41 MPI Morheat, Sobretemperatura, Alta Precisión 18 bits",1.0,MPI,MPI,True,,,quote,False,1264,1190,219,0.2994,False,1606,True,13,13,0,0,0,1,1,0,0,1
13345,controlador-l91-mpi-morheat,"Controlador de Límite de Seguridad L91 MPI Morheat, Sobretemperatura, Alta Precisión 18 bits","Controlador de Límite de Seguridad L91 MPI Morheat, Sobretemperatura, Alta Precisión 18 bits",1.0,MPI,MPI,True,,,quote,False,1293,1219,248,0.3262,False,1317,True,12,12,0,0,0,1,1,0,0,1
13348,controlador-btc901-mpi,"Controlador de Temperatura Analógico BTC901 MPI Morheat, Diseño Compacto, Aprobado por UL/cUL","Controlador de Temperatura Analógico BTC901 MPI Morheat, Diseño Compacto, Aprobado por UL/cUL",1.0,MPI,MPI,True,,,quote,False,1332,1258,260,0.3297,False,1615,True,13,13,0,0,0,1,1,0,0,1
13351,controlador-btc-905-mpi,"Controlador de Temperatura Analógico BTC-905 MPI Morheat, Diseño Compacto, Aprobado por UL/cUL","Controlador de Temperatura Analógico BTC-905 MPI Morheat, Diseño Compacto, Aprobado por UL/cUL",1.0,MPI,MPI,True,,,quote,False,1470,1396,288,0.3294,False,1788,True,13,13,0,0,0,1,1,0,0,1
13354,controlador-btc-704-mpi,"Controlador de Temperatura Analógico BTC-704 MPI Morheat, Diseño Compacto, Aprobado por UL/cUL","Controlador de Temperatura Analógico BTC-704 MPI Morheat, Diseño Compacto, Aprobado por UL/cUL",1.0,MPI,MPI,True,,,quote,False,1401,1327,279,0.3335,False,1633,True,13,13,0,0,0,1,1,0,0,1
13357,controlador-btc-404-mpi,"Controlador de Temperatura Analógico BTC-404 MPI Morheat, Alta Precisión 1%, Diseño Compacto, Aprobado por UL/cUL","Controlador de Temperatura Analógico BTC-404 MPI Morheat, Alta Precisión 1%, Diseño Compacto, Aprobado por UL/cUL",1.0,MPI,MPI,True,,,quote,False,1407,1333,286,0.3407,False,1885,True,14,14,0,0,0,1,1,0,0,1
13360,controlador-p41-mpi-morheat,"Controlador de Temperatura de Perfiles P41 MPI Morheat, Rampa y Mantenimiento (Ramp/Soak), Lógica Difusa y PID","Controlador de Temperatura de Perfiles P41 MPI Morheat, Rampa y Mantenimiento (Ramp/Soak), Lógica Difusa y PID",1.0,MPI,MPI,True,,,quote,False,1578,1504,149,0.1738,False,1874,True,12,12,0,0,0,1,1,0,0,1
13363,controlador-p91-mpi-morheat,"Controlador de Temperatura de Perfiles P91 MPI Morheat, Rampa y Mantenimiento (Ramp/Soak), Lógica Difusa y PID","Controlador de Temperatura de Perfiles P91 MPI Morheat, Rampa y Mantenimiento (Ramp/Soak), Lógica Difusa y PID",1.0,MPI,MPI,True,,,quote,False,1691,1617,158,0.1725,False,1908,True,13,13,0,0,0,1,1,0,0,1
13367,serie-mt50-controlador,"Serie MT50 Controlador de Temperatura PID Autotune MPI Morheat, Pantalla Dual","Serie MT50 Controlador de Temperatura PID Autotune MPI Morheat, Pantalla Dual",1.0,MPI,MPI,True,,,quote,False,1371,1297,262,0.328,False,1341,True,13,13,0,0,0,1,1,0,0,1
13370,nak-transductor-y-transmisor-mpi,"NaK - Transductor y Transmisor de Presión de Fusión MPI Morheat, Alta Temperatura, Grado Alimenticio / Médico","NaK - Transductor y Transmisor de Presión de Fusión MPI Morheat, Alta Temperatura, Grado Alimenticio / Médico",1.0,MPI,MPI,True,,,quote,False,1381,1307,140,0.1813,False,2309,True,14,14,0,0,0,1,1,0,0,1
13373,mercurio-mv-v-transductor-mpi,"Mercurio mV/V - Transductor de Presión de Fusión MPI Morheat, Alta Temperatura","Mercurio mV/V - Transductor de Presión de Fusión MPI Morheat, Alta Temperatura",1.0,MPI,MPI,True,,,quote,False,1263,1189,227,0.3116,False,1935,True,13,13,0,0,0,1,1,0,0,1
13376,cables-y-conectores-transductores,"Cables y Conectores para Transductores de Presión de Fusión MPI Morheat, Compatibilidad Universal","Cables y Conectores para Transductores de Presión de Fusión MPI Morheat, Compatibilidad Universal",1.0,MPI,MPI,True,,,quote,False,1514,1440,361,0.3914,False,1995,True,11,11,0,0,0,1,1,0,0,1
13379,discos-de-ruptura-extrusoras,"Discos de Ruptura Personalizados para Extrusoras MPI Morheat, Diseños a Medida, Hasta 20000 psi","Discos de Ruptura Personalizados para Extrusoras MPI Morheat, Diseños a Medida, Hasta 20000 psi",1.0,MPI,MPI,True,,,quote,False,1454,1380,200,0.2484,False,2154,True,10,10,0,0,0,1,1,0,0,1
13382,termopar-de-bayoneta-ajustable,"Termopar de Bayoneta Ajustable MPI Morheat, Configuraciones a Medida, Alta Temperatura","Termopar de Bayoneta Ajustable MPI Morheat, Configuraciones a Medida, Alta Temperatura",1.0,MPI,MPI,True,,,quote,False,1196,1122,226,0.0264,False,1929,True,4,4,0,0,0,1,1,0,0,1
13385,termopar-de-bayoneta-ajustable-con-armadura-flexible,"Termopar de Bayoneta Ajustable con Armadura Flexible MPI Morheat, Configuraciones a Medida","Termopar de Bayoneta Ajustable con Armadura Flexible MPI Morheat, Configuraciones a Medida",1.0,MPI,MPI,True,,,quote,False,1199,1125,231,0.328,False,2011,True,11,11,0,0,0,1,1,0,0,1
13388,termopar-de-bayoneta-de-profundidad,"Termopar de Bayoneta de Profundidad Fija MPI Morheat, Configuraciones a Medida, Alta Temperatura","Termopar de Bayoneta de Profundidad Fija MPI Morheat, Configuraciones a Medida, Alta Temperatura",1.0,MPI,MPI,True,,,quote,False,1223,1143,244,0.0256,False,2160,True,11,11,0,0,0,1,1,0,0,1
13391,termopar-de-bayoneta-ajustable-con-resorte-y-armadura-flexible,"Termopar de Bayoneta Ajustable con Resorte y Armadura Flexible MPI Morheat, Configuraciones a Medida","Termopar de Bayoneta Ajustable con Resorte y Armadura Flexible MPI Morheat, Configuraciones a Medida",1.0,MPI,MPI,True,,,quote,False,1208,1134,267,0.3697,False,2143,True,11,11,0,0,0,1,1,0,0,1
13394,termopar-de-cabeza-y-ranura,"Termopar de Cabeza y Ranura MPI Morheat, Configuraciones a Medida, Alta Temperatura","Termopar de Cabeza y Ranura MPI Morheat, Configuraciones a Medida, Alta Temperatura",1.0,MPI,MPI,True,,,quote,False,1192,1118,264,0.3714,False,1986,True,12,12,0,0,0,1,1,0,0,1
13398,termopar-de-perno-roscado-y-boquilla,"Termopar de Perno Roscado y Boquilla MPI Morheat, Configuraciones a Medida, Alta Temperatura","Termopar de Perno Roscado y Boquilla MPI Morheat, Configuraciones a Medida, Alta Temperatura",1.0,MPI,MPI,True,,,quote,False,1212,1138,269,0.3728,False,2094,True,11,11,0,0,0,1,1,0,0,1
13401,termopar-de-soldadura-de-gota,"Termopar de Soldadura de Gota MPI Morheat, Configuraciones a Medida, Alta Temperatura","Termopar de Soldadura de Gota MPI Morheat, Configuraciones a Medida, Alta Temperatura",1.0,MPI,MPI,True,,,quote,False,1213,1139,212,0.0834,False,1920,True,8,8,0,0,0,1,1,0,0,1
13404,termopar-con-recubrimiento-de-teflon,"Termopar con Recubrimiento de Teflón MPI Morheat, Configuraciones a Medida","Termopar con Recubrimiento de Teflón MPI Morheat, Configuraciones a Medida",1.0,MPI,MPI,True,,,quote,False,1036,962,199,0.328,False,1448,True,7,7,0,0,0,1,1,0,0,1
13407,termopar-de-boquilla-newbury,"Termopar de Boquilla Newbury MPI Morheat, Curva de 90 Grados, Alta Temperatura","Termopar de Boquilla Newbury MPI Morheat, Curva de 90 Grados, Alta Temperatura",1.0,MPI,MPI,True,,,quote,False,1364,1290,266,0.3291,False,2022,True,8,8,0,0,0,1,1,0,0,1
13410,termopar-de-terminal-de-anillo,"Termopar de Terminal de Anillo MPI Morheat, Múltiples Tamaños, Alta Temperatura","Termopar de Terminal de Anillo MPI Morheat, Múltiples Tamaños, Alta Temperatura",1.0,MPI,MPI,True,,,quote,False,1186,1112,255,0.0058,False,2045,True,8,8,0,0,0,1,1,0,0,1
13414,termopar-de-lamina-mpi,"Termopar de Lámina MPI Morheat, Configuraciones a Medida, Alta Temperatura","Termopar de Lámina MPI Morheat, Configuraciones a Medida, Alta Temperatura",1.0,MPI,MPI,True,,,quote,False,1211,1137,259,0.3608,False,2230,True,9,9,0,0,0,1,1,0,0,1
13417,termopar-estilo-arburg-mpi,"Termopar Estilo Arburg MPI Morheat para Máquinas de Inyección, Sensor de Temperatura Tipo J y K, Resorte de Compresión, Malla de Acero Inoxidable, Alta Temperatura","Termopar Estilo Arburg MPI Morheat para Máquinas de Inyección, Sensor de Temperatura Tipo J y K, Resorte de Compresión, Malla de Acero Inoxidable, Alta Temperatura",1.0,MPI,MPI,True,,,quote,False,1228,1154,214,0.0057,False,2115,True,10,10,0,0,0,1,1,0,0,1
13421,termopar-de-aislamiento-mineral,"Termopar de Aislamiento Mineral MPI Morheat para Medición Industrial, Sensor Dual Tipo J y K, Conexiones Roscadas, Inconel 600 y Acero Inoxidable","Termopar de Aislamiento Mineral MPI Morheat para Medición Industrial, Sensor Dual Tipo J y K, Conexiones Roscadas, Inconel 600 y Acero Inoxidable",1.0,MPI,MPI,True,,,quote,False,1468,1394,332,0.0046,False,2001,True,9,9,0,0,0,1,1,0,0,1
13424,termopar-de-aislamiento-mineral-con-bloque-de-terminales,"Termopar de Aislamiento Mineral con Bloque de Terminales MPI Morheat para Medición Industrial, Sensor Simple y Dual Tipo J y K, Acero Inoxidable e Inconel, Alta Temperatura","Termopar de Aislamiento Mineral con Bloque de Terminales MPI Morheat para Medición Industrial, Sensor Simple y Dual Tipo J y K, Acero Inoxidable e Inconel, Alta Temperatura",1.0,MPI,MPI,True,,,quote,False,1433,1359,299,0.3483,False,1830,True,7,7,0,0,0,1,1,0,0,1
13427,termopar-de-aislamiento-mineral-con-cable-espiral,"MPI Morheat Termopar de Aislamiento Mineral con Cable Espiral para Medición Industrial, Sensor Tipo J y K, Cable Retráctil Extensible, Inconel y Acero Inoxidable","MPI Morheat Termopar de Aislamiento Mineral con Cable Espiral para Medición Industrial, Sensor Tipo J y K, Cable Retráctil Extensible, Inconel y Acero Inoxidable",1.0,MPI,MPI,True,,,quote,False,1177,1103,214,0.3147,False,1804,True,10,10,0,0,0,1,1,0,0,1
13430,termopar-para-tostadora-de-cafe,"MPI Morheat Termopar para Tostadora de Café con Cabezal de Conexión para Tueste Industrial, Sensor Simple y Dual, Transmisor 4-20mA, Cabezales FDA y Aluminio","MPI Morheat Termopar para Tostadora de Café con Cabezal de Conexión para Tueste Industrial, Sensor Simple y Dual, Transmisor 4-20mA, Cabezales FDA y Aluminio",1.0,MPI,MPI,True,,,quote,False,1360,1286,306,0.0087,False,2208,True,9,9,0,0,0,1,1,0,0,1
13433,termopar-para-canal-caliente,"MPI Morheat Termopar para Canal Caliente en Inyección de Plástico, Sensor de Temperatura Tipo J y K, Transición con Resorte, Acero Inoxidable e Inconel, Alta Temperatura","MPI Morheat Termopar para Canal Caliente en Inyección de Plástico, Sensor de Temperatura Tipo J y K, Transición con Resorte, Acero Inoxidable e Inconel, Alta Temperatura",1.0,MPI,MPI,True,,,quote,False,1233,1159,201,0.2847,False,2148,True,8,8,0,0,0,1,1,0,0,1
13436,termopar-de-metal-base,"MPI Morheat Termopar de Metal Base para Hornos Industriales, Sensor de Temperatura Tipo J y K, Aislantes Cerámicos, Calibre 8 y 14","MPI Morheat Termopar de Metal Base para Hornos Industriales, Sensor de Temperatura Tipo J y K, Aislantes Cerámicos, Calibre 8 y 14",1.0,MPI,MPI,True,,,quote,False,1046,972,199,0.3219,False,1794,True,6,6,0,0,0,1,1,0,0,1
13439,termopar-de-metal-base-con-tubo,"MPI Morheat Termopar de Metal Base con Tubo de Protección y Codo de 90 Grados para Hornos Industriales, Sensor Tipo J y K, Cabezal de Aluminio, Transmisor 4-20mA, Alta Temperatura","MPI Morheat Termopar de Metal Base con Tubo de Protección y Codo de 90 Grados para Hornos Industriales, Sensor Tipo J y K, Cabezal de Aluminio, Transmisor 4-20mA, Alta Temperatura",1.0,MPI,MPI,True,,,quote,False,1672,1598,357,0.357,False,2151,True,9,9,0,0,0,1,1,0,0,1
13442,horner-rcc6512-plc-controlador,"Horner RCC6512 PLC Controlador Compacto Remoto sin Pantalla, Expansión de E/S, Conectividad Ethernet y Red CAN, 12V/24VDC","Horner RCC6512 PLC Controlador Compacto Remoto sin Pantalla, Expansión de E/S, Conectividad Ethernet y Red CAN, 12V/24VDC",1.0,Horner,Horner,True,,,quote,False,1366,1292,271,0.3344,False,1782,True,11,11,0,0,0,1,1,0,0,1
13445,horner-rcc972-controlador-compacto,"Horner RCC972 Controlador Compacto Remoto sin Pantalla para Automatización, PLC de Expansión de E/S, Conectividad Ethernet y Red CsCAN, Entradas Analógicas y Digitales","Horner RCC972 Controlador Compacto Remoto sin Pantalla para Automatización, PLC de Expansión de E/S, Conectividad Ethernet y Red CsCAN, Entradas Analógicas y Digitales",1.0,Horner,Horner,True,,,quote,False,1323,1249,256,0.3307,False,1741,True,5,5,0,0,0,1,1,0,0,1
13448,horner-rcc1410-75-controlador,"Horner RCC1410-75 Controlador Compacto Remoto sin Pantalla para Automatización de Procesos, PLC de Expansión de 24 E/S Digitales, Red CsCAN y Ethernet, 12V/24VDC","Horner RCC1410-75 Controlador Compacto Remoto sin Pantalla para Automatización de Procesos, PLC de Expansión de 24 E/S Digitales, Red CsCAN y Ethernet, 12V/24VDC",1.0,Horner,Horner,True,,,quote,False,1285,1211,247,0.328,False,1211,True,5,5,0,0,0,1,1,0,0,1
13451,horner-rcc8842-75-controlador,"Horner RCC8842-75 Controlador Compacto Remoto sin Pantalla para Automatización, PLC de Expansión de E/S, Conectividad Ethernet y Red CsCAN, Entradas Analógicas y Digitales","Horner RCC8842-75 Controlador Compacto Remoto sin Pantalla para Automatización, PLC de Expansión de E/S, Conectividad Ethernet y Red CsCAN, Entradas Analógicas y Digitales",1.0,Horner,Horner,True,,,quote,False,1269,1195,261,0.3468,False,1353,True,5,5,0,0,0,1,1,0,0,1
13454,horner-bases-smartrail,"Horner Bases SmartRail Módulos de Expansión de Entradas y Salidas, Protocolos de Red y CsCAN, Control a Distancia, Alta Escalabilidad","Horner Bases SmartRail Módulos de Expansión de Entradas y Salidas, Protocolos de Red y CsCAN, Control a Distancia, Alta Escalabilidad",1.0,Horner,Horner,True,,,quote,False,1184,1110,229,0.0102,False,1195,True,5,5,0,0,0,1,1,0,0,1
13457,horner-modulos-smartrail,"Horner Módulos SmartRail de Expansión de Entradas y Salidas, Analógicas y Digitales, Bus de Campo, Automatización Industrial","Horner Módulos SmartRail de Expansión de Entradas y Salidas, Analógicas y Digitales, Bus de Campo, Automatización Industrial",1.0,Horner,Horner,True,,,quote,False,1282,1208,220,0.0014,False,1601,True,5,5,0,0,0,1,1,0,0,1
13460,horner-smartblock-modulos,"Horner SmartBlock Módulos de Expansión de Entradas y Salidas para Redes CsCAN, Control Analógico de Alta Resolución, Relés y Monitoreo de Potencia Trifásica","Horner SmartBlock Módulos de Expansión de Entradas y Salidas para Redes CsCAN, Control Analógico de Alta Resolución, Relés y Monitoreo de Potencia Trifásica",1.0,Horner,Horner,True,,,quote,False,1142,1124,254,0.3664,False,1424,True,5,5,0,0,0,1,1,0,0,1
13464,horner-smartstix-modulos,"Horner SmartStix Módulos de Expansión de Entradas y Salidas para Automatización, E/S Remotas CsCAN, Relés y Señales Digitales","Horner SmartStix Módulos de Expansión de Entradas y Salidas para Automatización, E/S Remotas CsCAN, Relés y Señales Digitales",1.0,Horner,Horner,True,,,quote,False,1084,1036,191,0.3035,False,1401,True,5,5,0,0,0,1,1,0,0,1
13468,horner-smartmod-modulos,"Horner SmartMod Módulos de Expansión de E/S, Protocolo Modbus RTU RS485, Entradas Analógicas y Digitales, Aislamiento Óptico","Horner SmartMod Módulos de Expansión de E/S, Protocolo Modbus RTU RS485, Entradas Analógicas y Digitales, Aislamiento Óptico",1.0,Horner,Horner,True,,,quote,False,934,860,193,0.3456,False,1363,True,5,5,0,0,0,1,1,0,0,1
13472,horner-simulador-universal,"Horner Simulador Universal para Entrenamiento y Prototipado, Panel de Pruebas de E/S, Entradas Analógicas y Digitales, 24VDC","Horner Simulador Universal para Entrenamiento y Prototipado, Panel de Pruebas de E/S, Entradas Analógicas y Digitales, 24VDC",1.0,Horner,Horner,True,,,quote,False,1193,1119,246,0.0428,False,1475,True,5,5,0,0,0,1,1,0,0,1
13476,horner-io-link-master-to-modbus-rtu,"Horner IO Link Master to Modbus RTU Convertidor de Señales IIoT, Módulos HE-IOLINK2CHRTU y HE-IOLINK4CHRTU, Conectores M12, IP68","Horner IO Link Master to Modbus RTU Convertidor de Señales IIoT, Módulos HE-IOLINK2CHRTU y HE-IOLINK4CHRTU, Conectores M12, IP68",1.0,Horner,Horner,True,,,quote,False,1146,1072,239,0.0269,False,1223,True,5,5,0,0,0,1,1,0,0,1
13480,akcp-sensorprobex,"AKCP sensorProbeX+ Dispositivo de Monitoreo de Sensores para Infraestructura Crítica, Escalable con Puertos Modbus y BACnet, Alertas Multicanal","AKCP sensorProbeX+ Dispositivo de Monitoreo de Sensores para Infraestructura Crítica, Escalable con Puertos Modbus y BACnet, Alertas Multicanal",1.0,AKCP,AKCP,True,,,quote,False,1208,1134,221,0.0507,False,1578,True,5,5,0,0,0,1,1,0,0,1
13483,akcp-securityprobe5e,"AKCP securityProbe5E Dispositivo de Monitoreo Ambiental y Seguridad, Servidor Web con Linux, Soporte para 500 Sensores y 4 Cámaras, Modbus y SNMP","AKCP securityProbe5E Dispositivo de Monitoreo Ambiental y Seguridad, Servidor Web con Linux, Soporte para 500 Sensores y 4 Cámaras, Modbus y SNMP",1.0,AKCP,AKCP,True,,,quote,False,1332,1258,242,0.0105,False,1559,True,5,5,0,0,0,1,1,0,0,1
13486,akcp-securityprobe-5e-x20,"AKCP securityProbe 5E-X20 Dispositivo de Monitoreo Ambiental con 20 Contactos Secos, Soporte para 500 Sensores, 4 Cámaras y Servidor Web Linux","AKCP securityProbe 5E-X20 Dispositivo de Monitoreo Ambiental con 20 Contactos Secos, Soporte para 500 Sensores, 4 Cámaras y Servidor Web Linux",1.0,AKCP,AKCP,True,,,quote,False,1208,1134,246,0.3421,False,1568,True,5,5,0,0,0,1,1,0,0,1
13489,akcp-securityprobe-5e-x60,"AKCP securityProbe 5E-X60 Dispositivo de Monitoreo Ambiental con 60 Contactos Secos, Soporte para 500 Sensores, 4 Cámaras y Servidor Web Linux","AKCP securityProbe 5E-X60 Dispositivo de Monitoreo Ambiental con 60 Contactos Secos, Soporte para 500 Sensores, 4 Cámaras y Servidor Web Linux",1.0,AKCP,AKCP,True,,,quote,False,1228,1154,225,0.0114,False,1589,True,5,5,0,0,0,1,1,0,0,1
13493,akcp-securityprobe-5es,"AKCP securityProbe 5ES Dispositivo de Monitoreo Ambiental Estándar, Soporte para 500 Sensores, Servidor Web Linux y Puerta de Enlace Modbus a SNMP","AKCP securityProbe 5ES Dispositivo de Monitoreo Ambiental Estándar, Soporte para 500 Sensores, Servidor Web Linux y Puerta de Enlace Modbus a SNMP",1.0,AKCP,AKCP,True,,,quote,False,1248,1174,232,0.0111,False,1337,True,5,5,0,0,0,1,1,0,0,1
13497,akcp-securityprobe-5es-x20,"AKCP securityProbe 5ES-X20 Dispositivo de Monitoreo Ambiental con 20 Contactos Secos, Soporte para 500 Sensores, Servidor Web Linux y Puerta de Enlace","AKCP securityProbe 5ES-X20 Dispositivo de Monitoreo Ambiental con 20 Contactos Secos, Soporte para 500 Sensores, Servidor Web Linux y Puerta de Enlace",1.0,AKCP,AKCP,True,,,quote,False,1338,1264,260,0.3282,False,1177,True,5,5,0,0,0,1,1,0,0,1
13502,akcp-securityprobe-5es-x60,"AKCP securityProbe 5ES-X60 Dispositivo de Monitoreo Ambiental con 60 Contactos Secos, Soporte para 500 Sensores, Servidor Web Linux y Puerta de Enlace","AKCP securityProbe 5ES-X60 Dispositivo de Monitoreo Ambiental con 60 Contactos Secos, Soporte para 500 Sensores, Servidor Web Linux y Puerta de Enlace",1.0,AKCP,AKCP,True,,,quote,False,1337,1263,260,0.3284,False,1177,True,5,5,0,0,0,1,1,0,0,1
13505,akcp-securityprobe-5esv,"AKCP securityProbe 5ESV Dispositivo de Monitoreo Ambiental, Soporte para 500 Sensores, 4 Cámaras HD y Servidor Web Linux","AKCP securityProbe 5ESV Dispositivo de Monitoreo Ambiental, Soporte para 500 Sensores, 4 Cámaras HD y Servidor Web Linux",1.0,AKCP,AKCP,True,,,quote,False,1257,1183,257,0.0109,False,1196,True,5,5,0,0,0,1,1,0,0,1
13508,akcp-securityprobe-5esv-x20,"AKCP securityProbe 5ESV-X20 Dispositivo de Monitoreo Ambiental con 20 Contactos Secos, 4 Cámaras HD, Soporte para 500 Sensores y Servidor Web","AKCP securityProbe 5ESV-X20 Dispositivo de Monitoreo Ambiental con 20 Contactos Secos, 4 Cámaras HD, Soporte para 500 Sensores y Servidor Web",1.0,AKCP,AKCP,True,,,quote,False,1214,1140,248,0.343,False,1111,True,5,5,0,0,0,1,1,0,0,1
13511,akcp-securityprobe-5esv-x60,"AKCP securityProbe 5ESV-X60 Dispositivo de Monitoreo Ambiental con 60 Contactos Secos, 4 Cámaras HD, Soporte para 500 Sensores y Servidor Web","AKCP securityProbe 5ESV-X60 Dispositivo de Monitoreo Ambiental con 60 Contactos Secos, 4 Cámaras HD, Soporte para 500 Sensores y Servidor Web",1.0,AKCP,AKCP,True,,,quote,False,1238,1164,248,0.3368,False,1139,True,5,5,0,0,0,1,1,0,0,1
13515,akcp-e-sensor8-modulo,"AKCP E-Sensor8 Módulo de Expansión de 8 Puertos para Sensores Inteligentes, Conexión en Cadena (Daisy Chain), Montaje Rack 1U","AKCP E-Sensor8 Módulo de Expansión de 8 Puertos para Sensores Inteligentes, Conexión en Cadena (Daisy Chain), Montaje Rack 1U",1.0,AKCP,AKCP,True,,,quote,False,1307,1233,243,0.3195,False,1781,True,5,5,0,0,0,1,1,0,0,1
13518,akcp-e-opto16-modulo,"AKCP E-Opto16 Módulo de Expansión de 16 Contactos Secos Optoaislados, Conexión en Cadena (Daisy Chain), Montaje Rack 1U","AKCP E-Opto16 Módulo de Expansión de 16 Contactos Secos Optoaislados, Conexión en Cadena (Daisy Chain), Montaje Rack 1U",1.0,AKCP,AKCP,True,,,quote,False,1086,1012,205,0.3248,False,1202,True,5,5,0,0,0,1,1,0,0,1
13522,akcp-sensorprobe-wireless-tunnel-server,"AKCP sensorProbe+ Wireless Tunnel Server (SP-WTS) Dispositivo de Monitoreo LoRa, Servidor Web, Soporte para 30 Dispositivos Inalámbricos","AKCP sensorProbe+ Wireless Tunnel Server (SP-WTS) Dispositivo de Monitoreo LoRa, Servidor Web, Soporte para 30 Dispositivos Inalámbricos",1.0,AKCP,AKCP,True,,,quote,False,1172,1098,217,0.3175,False,1648,True,5,5,0,0,0,1,1,0,0,1
13525,akcp-airflow-sensor-de-flujo-de-aire,"AKCP Airflow Sensor de Flujo de Aire, Alarma On/Off, Monitoreo Ambiental, RJ-45, Plug-and-Play","AKCP Airflow Sensor de Flujo de Aire, Alarma On/Off, Monitoreo Ambiental, RJ-45, Plug-and-Play",1.0,AKCP,AKCP,True,,,quote,False,1296,1222,251,0.3282,False,1494,True,5,5,0,0,0,1,1,0,0,1
13528,akcp-sensor-ambiental-4-en-1,"AKCP Sensor Ambiental 4 en 1, Calidad del Aire, Temperatura, Humedad y Presión Estática","AKCP Sensor Ambiental 4 en 1, Calidad del Aire, Temperatura, Humedad y Presión Estática",1.0,AKCP,AKCP,True,,,quote,False,1249,1175,237,0.0725,False,1580,True,5,5,0,0,0,1,1,0,0,1
13531,akcp-sensor-de-calidad-del-aire,"AKCP Sensor de Calidad del Aire para Centro de Datos, Monitoreo de Partículas (PM), VOC, NOx y CO2","AKCP Sensor de Calidad del Aire para Centro de Datos, Monitoreo de Partículas (PM), VOC, NOx y CO2",1.0,AKCP,AKCP,True,,,quote,False,1277,1203,270,0.349,False,762,True,5,5,0,0,0,1,1,0,0,1
13534,akcp-air-velocity-sensor,"AKCP Air Velocity Sensor Transmisor de Velocidad de Aire, Monitoreo Ambiental, Montaje en Ducto, RJ-45","AKCP Air Velocity Sensor Transmisor de Velocidad de Aire, Monitoreo Ambiental, Montaje en Ducto, RJ-45",1.0,AKCP,AKCP,True,,,quote,False,1097,1023,213,0.3307,False,794,True,5,5,0,0,0,1,1,0,0,1
13538,akcp-cabinet-analysis-sensor,"AKCP Cabinet Analysis Sensor (CAS), Mapa Térmico y Presión Diferencial para Gabinetes de TI","AKCP Cabinet Analysis Sensor (CAS), Mapa Térmico y Presión Diferencial para Gabinetes de TI",1.0,AKCP,AKCP,True,,,quote,False,1078,1004,205,0.0129,False,638,True,5,5,0,0,0,1,1,0,0,1
13541,akcp-locate-rope-water-sensor,"AKCP Locate Rope Water Sensor Detector de Fugas con Ubicación Precisa, Cable Sensor, RJ-45","AKCP Locate Rope Water Sensor Detector de Fugas con Ubicación Precisa, Cable Sensor, RJ-45",1.0,AKCP,AKCP,True,,,quote,False,1176,1102,231,0.0883,False,1323,True,5,5,0,0,0,1,1,0,0,1
13545,akcp-single-port-temperature-and-humidity-sensor,"AKCP Single Port Temperature and Humidity Sensor, Monitoreo Dual de Clima, RJ-45, Calibración NIST","AKCP Single Port Temperature and Humidity Sensor, Monitoreo Dual de Clima, RJ-45, Calibración NIST",1.0,AKCP,AKCP,True,,,quote,False,1238,1164,266,0.0069,False,1186,True,5,5,0,0,0,1,1,0,0,1
13549,akcp-snmp-temperature-sensor,"AKCP SNMP Temperature Sensor de Monitoreo Remoto, Acero Inoxidable, Calibración NIST, RJ-45","AKCP SNMP Temperature Sensor de Monitoreo Remoto, Acero Inoxidable, Calibración NIST, RJ-45",1.0,AKCP,AKCP,True,,,quote,False,1226,1152,239,0.0169,False,1567,True,5,5,0,0,0,1,1,0,0,1
13552,akcp-spot-water-sensor,"AKCP Spot Water Sensor - Detector de Fugas de Agua Destilada, Sensor Impermeable Encapsulado en Epoxi, Conectividad RJ-45 con Alertas SNMP para Monitoreo Ambiental en Centros de Datos","AKCP Spot Water Sensor - Detector de Fugas de Agua Destilada, Sensor Impermeable Encapsulado en Epoxi, Conectividad RJ-45 con Alertas SNMP para Monitoreo Ambiental en Centros de Datos",1.0,AKCP,AKCP,True,,,quote,False,1175,1101,243,0.3471,False,1443,True,5,5,0,0,0,1,1,0,0,1
13555,akcp-cabinet-thermal-map-sensor,"AKCP Cabinet Thermal Map Sensor - Sensor de Temperatura y Humedad para Racks, Mapa Térmico con Detección de Puntos Calientes (Hotspots), Extensión RJ-45 para Monitoreo en Centros de Datos","AKCP Cabinet Thermal Map Sensor - Sensor de Temperatura y Humedad para Racks, Mapa Térmico con Detección de Puntos Calientes (Hotspots), Extensión RJ-45 para Monitoreo en Centros de Datos",1.0,AKCP,AKCP,True,,,quote,False,1328,1254,253,0.0433,False,1517,True,5,5,0,0,0,1,1,0,0,1
13558,akcp-thermocouple-sensor,"AKCP Thermocouple Sensor - Sensor de Temperatura Industrial Tipo J y K, Rango Extremo de -200°C a +900°C con Conexión RJ-45, Ideal para Monitoreo en Petroquímica y Metalurgia","AKCP Thermocouple Sensor - Sensor de Temperatura Industrial Tipo J y K, Rango Extremo de -200°C a +900°C con Conexión RJ-45, Ideal para Monitoreo en Petroquímica y Metalurgia",1.0,AKCP,AKCP,True,,,quote,False,1168,1094,210,0.3051,False,1463,True,5,5,0,0,0,1,1,0,0,1
13561,akcp-ultra-cold-temperature-sensor,"AKCP Ultra Cold Temperature Sensor - Sensor de Temperatura Ultra Fría PT100 (RTD), Rango Extremo de -200°C a +150°C, Conectividad RJ-45, Exclusivo para Controladores sensorProbe+ en Almacenamiento Criogénico","AKCP Ultra Cold Temperature Sensor - Sensor de Temperatura Ultra Fría PT100 (RTD), Rango Extremo de -200°C a +150°C, Conectividad RJ-45, Exclusivo para Controladores sensorProbe+ en Almacenamiento Criogénico",1.0,AKCP,AKCP,True,,,quote,False,1160,1086,190,0.2777,False,1671,True,5,5,0,0,0,1,1,0,0,1
13564,akcp-4-20mamp-converter,"AKCP 4-20mAmp Converter - Convertidor de Señal Analógica de Alta Precisión, Conectividad RJ-45 con Gestión Web para Monitoreo de Sensores Remotos en Control de Procesos","AKCP 4-20mAmp Converter - Convertidor de Señal Analógica de Alta Precisión, Conectividad RJ-45 con Gestión Web para Monitoreo de Sensores Remotos en Control de Procesos",1.0,AKCP,AKCP,True,,,quote,False,1149,1075,222,0.3316,False,1306,True,5,5,0,0,0,1,1,0,0,1
13567,akcp-5-dry-contact-inputs,"AKCP 5 Dry Contact Inputs - Sensor de Contactos Secos de 5 Entradas, Alertas SNMP y Correo Electrónico, Conexión RJ-45 para Monitoreo de UPS y Seguridad (SP1+ / SP2+ Only)","AKCP 5 Dry Contact Inputs - Sensor de Contactos Secos de 5 Entradas, Alertas SNMP y Correo Electrónico, Conexión RJ-45 para Monitoreo de UPS y Seguridad (SP1+ / SP2+ Only)",1.0,AKCP,AKCP,True,,,quote,False,1262,1188,234,0.3168,False,1448,True,5,5,0,0,0,1,1,0,0,1
13571,akcp-8-port-relay,"AKCP 8 Port Relay - Relé Multi-Puerto Controlado por Sensor, Automatización SNMP con 8 Entradas, Conectividad RJ-45 para Control de Procesos y Gestión de Energía","AKCP 8 Port Relay - Relé Multi-Puerto Controlado por Sensor, Automatización SNMP con 8 Entradas, Conectividad RJ-45 para Control de Procesos y Gestión de Energía",1.0,AKCP,AKCP,True,,,quote,False,1176,1102,214,0.0965,False,1631,True,5,5,0,0,0,1,1,0,0,1
13574,akcp-ac-sensor-controlled-relay,"AKCP AC Sensor Controlled Relay - Relé de Corriente Alterna Controlado por Sensor, Automatización SNMP con Protección MOV y Fusible de 10A, Conectividad RJ-45 para Gestión de Energía en Centros de Datos","AKCP AC Sensor Controlled Relay - Relé de Corriente Alterna Controlado por Sensor, Automatización SNMP con Protección MOV y Fusible de 10A, Conectividad RJ-45 para Gestión de Energía en Centros de Datos",1.0,AKCP,AKCP,True,,,quote,False,1376,1302,295,0.3589,False,1880,True,5,5,0,0,0,1,1,0,0,1
13577,akcp-power-monitor-sensor,"AKCP Power Monitor Sensor - Medidor de Energía Eléctrica Monofásico y Trifásico, Monitoreo de Voltaje y Factor de Potencia, Integración Modbus RS485 para Cálculos PUE en Centros de Datos","AKCP Power Monitor Sensor - Medidor de Energía Eléctrica Monofásico y Trifásico, Monitoreo de Voltaje y Factor de Potencia, Integración Modbus RS485 para Cálculos PUE en Centros de Datos",1.0,AKCP,AKCP,True,,,quote,False,1341,1267,252,0.2014,False,1624,True,5,5,0,0,0,1,1,0,0,1
13580,akcp-pir-hardware-motion-detector,"AKCP PIR Hardware Motion Detector - Sensor de Movimiento Infrarrojo Pasivo, Detección de 60º, Alta Inmunidad a Interferencias RFI, Conectividad RJ-45 para Sistemas de Seguridad en Centros de Datos","AKCP PIR Hardware Motion Detector - Sensor de Movimiento Infrarrojo Pasivo, Detección de 60º, Alta Inmunidad a Interferencias RFI, Conectividad RJ-45 para Sistemas de Seguridad en Centros de Datos",1.0,AKCP,AKCP,True,,,quote,False,1214,1140,211,0.3003,False,1563,True,5,5,0,0,0,1,1,0,0,1
13583,akcp-security-sensor,"AKCP Security Sensor - Sensor Magnético de Seguridad para Puertas y Ventanas, Conexión en Serie Ilimitada con Alertas SNMP, Conectividad RJ-45 para Monitoreo de Acceso en Centros de Datos","AKCP Security Sensor - Sensor Magnético de Seguridad para Puertas y Ventanas, Conexión en Serie Ilimitada con Alertas SNMP, Conectividad RJ-45 para Monitoreo de Acceso en Centros de Datos",1.0,AKCP,AKCP,True,,,quote,False,1168,1094,216,0.003,False,1561,True,5,5,0,0,0,1,1,0,0,1
13586,akcp-sensor-status-light,"AKCP Sensor Status Light - Luz Indicadora de Estado Visual y Auditivo, Alerta LED de 3 Colores con Zumbador Integrado, Conectividad RJ-45 para Monitoreo de Gabinetes Inteligentes en Centros de Datos","AKCP Sensor Status Light - Luz Indicadora de Estado Visual y Auditivo, Alerta LED de 3 Colores con Zumbador Integrado, Conectividad RJ-45 para Monitoreo de Gabinetes Inteligentes en Centros de Datos",1.0,AKCP,AKCP,True,,,quote,False,1312,1238,251,0.327,False,1611,True,5,5,0,0,0,1,1,0,0,1
13589,akcp-siren-and-strobe-light,"AKCP Siren and Strobe Light - Sirena de 100dB y Luz Estroboscópica LED, Alarma Audiovisual con Control SNMP, Conectividad RJ-45 para Monitoreo de Seguridad en Centros de Datos","AKCP Siren and Strobe Light - Sirena de 100dB y Luz Estroboscópica LED, Alarma Audiovisual con Control SNMP, Conectividad RJ-45 para Monitoreo de Seguridad en Centros de Datos",1.0,AKCP,AKCP,True,,,quote,False,1172,1098,241,0.3469,False,1475,True,5,5,0,0,0,1,1,0,0,1
13592,akcp-smoke-detector,"AKCP Smoke Detector - Detector de Humo Fotoeléctrico, Alarma Acústica de 85dB con Batería de Respaldo, Conectividad RJ-45 con Alertas SNMP para Monitoreo de Seguridad en Centros de Datos","AKCP Smoke Detector - Detector de Humo Fotoeléctrico, Alarma Acústica de 85dB con Batería de Respaldo, Conectividad RJ-45 con Alertas SNMP para Monitoreo de Seguridad en Centros de Datos",1.0,AKCP,AKCP,True,,,quote,False,1259,1185,228,0.3124,False,1349,True,5,5,0,0,0,1,1,0,0,1
13595,akcp-vibration-sensor,"AKCP Vibration Sensor - Detector de Vibración y Rotura de Cristales, Interruptor con Contactos de Plata y Sensibilidad Ajustable, Conectividad RJ-45 para Monitoreo de Seguridad en Ventanas y Gabinetes","AKCP Vibration Sensor - Detector de Vibración y Rotura de Cristales, Interruptor con Contactos de Plata y Sensibilidad Ajustable, Conectividad RJ-45 para Monitoreo de Seguridad en Ventanas y Gabinetes",1.0,AKCP,AKCP,True,,,quote,False,1091,1017,197,0.3077,False,1485,True,5,5,0,0,0,1,1,0,0,1
13598,akcp-battery-terminal-temperature-sensor,"AKCP Battery Terminal Temperature Sensor - Sensor de Temperatura para Bornes de Batería, Monitoreo de Salud Térmica con Precisión NIST, Conectividad RJ-45 para Sistemas de Respaldo Energético","AKCP Battery Terminal Temperature Sensor - Sensor de Temperatura para Bornes de Batería, Monitoreo de Salud Térmica con Precisión NIST, Conectividad RJ-45 para Sistemas de Respaldo Energético",1.0,AKCP,AKCP,True,,,quote,False,1191,1117,237,0.0101,False,1318,True,5,5,0,0,0,1,1,0,0,1
13601,akcp-programmable-sensor-lcd-display,"AKCP Programmable Sensor LCD Display - Pantalla LCD Programable con Luz de Fondo, Indicadores LED de Alarma y Monitoreo de Sensores, Conectividad RJ-45 para Gabinetes Inteligentes","AKCP Programmable Sensor LCD Display - Pantalla LCD Programable con Luz de Fondo, Indicadores LED de Alarma y Monitoreo de Sensores, Conectividad RJ-45 para Gabinetes Inteligentes",1.0,AKCP,AKCP,True,,,quote,False,1187,1113,247,0.3506,False,1279,True,5,5,0,0,0,1,1,0,0,1
13604,akcp-modbus-to-snmp-adapter,"AKCP Modbus to SNMP Adapter - Adaptador de Conversión RJ-45 a Bloque de Terminales para Bus Serial RS485, Integración Industrial de Equipos Modbus a Redes SNMP","AKCP Modbus to SNMP Adapter - Adaptador de Conversión RJ-45 a Bloque de Terminales para Bus Serial RS485, Integración Industrial de Equipos Modbus a Redes SNMP",1.0,AKCP,AKCP,True,,,quote,False,1098,1024,229,0.3502,False,1283,True,5,5,0,0,0,1,1,0,0,1
13607,akcp-probeswitch,"AKCP probeSwitch - Interruptor de Llave para Mantenimiento, Desactivación Física de Notificaciones, Conectividad RJ-45 para Sistemas securityProbe y sensorProbe+","AKCP probeSwitch - Interruptor de Llave para Mantenimiento, Desactivación Física de Notificaciones, Conectividad RJ-45 para Sistemas securityProbe y sensorProbe+",1.0,AKCP,AKCP,True,,,quote,False,1142,1068,223,0.0091,False,1425,True,5,5,0,0,0,1,1,0,0,1
13610,akcp-rope-fuel-sensor,"AKCP Rope Fuel Sensor - Sensor de Fuga de Combustible Tipo Cuerda, Detección de Hidrocarburos con Localización de Falla, Conectividad RJ-45 para Generadores y Tanques","AKCP Rope Fuel Sensor - Sensor de Fuga de Combustible Tipo Cuerda, Detección de Hidrocarburos con Localización de Falla, Conectividad RJ-45 para Generadores y Tanques",1.0,AKCP,AKCP,True,,,quote,False,1186,1112,229,0.3265,False,1413,True,5,5,0,0,0,1,1,0,0,1
13613,akcp-sensor-adapter,"AKCP Sensor Adapter - Adaptador Universal para Sensores Analógicos de 0-10V y Contactos Secos, Conectividad RJ-45 para Integración de Equipos de Terceros en Redes SNMP","AKCP Sensor Adapter - Adaptador Universal para Sensores Analógicos de 0-10V y Contactos Secos, Conectividad RJ-45 para Integración de Equipos de Terceros en Redes SNMP",1.0,AKCP,AKCP,True,,,quote,False,1049,975,207,0.3364,False,1360,True,5,5,0,0,0,1,1,0,0,1
13616,akcp-tank-depth-sensor,"AKCP Tank Depth Sensor - Sensor de Nivel de Combustible por Presión Hidráulica, Monitoreo de Tanques con Alertas de Robo, Conectividad RJ-45 para Gestión de Generadores","AKCP Tank Depth Sensor - Sensor de Nivel de Combustible por Presión Hidráulica, Monitoreo de Tanques con Alertas de Robo, Conectividad RJ-45 para Gestión de Generadores",1.0,AKCP,AKCP,True,,,quote,False,1153,1079,218,0.3233,False,1403,True,5,5,0,0,0,1,1,0,0,1
13619,akcp-wireless-tunnel-sp-wt,"AKCP Wireless Tunnel™ (SP-WT) - Nodo de Radio LoRa para Sensores Inalámbricos, Escalable hasta 120 Sensores, Comunicación de Largo Alcance para Monitoreo Remoto","AKCP Wireless Tunnel™ (SP-WT) - Nodo de Radio LoRa para Sensores Inalámbricos, Escalable hasta 120 Sensores, Comunicación de Largo Alcance para Monitoreo Remoto",1.0,AKCP,AKCP,True,,,quote,False,1072,998,205,0.0324,False,1335,True,5,5,0,0,0,1,1,0,0,1
13626,tzone-tt20si-registrador-de-datos,"TZONE TT20SI Registrador de Datos de Temperatura en Tiempo Real 4G LTE, Sensor Digital de Luz y Vibración, Batería de Larga Duración","TZONE TT20SI Registrador de Datos de Temperatura en Tiempo Real 4G LTE, Sensor Digital de Luz y Vibración, Batería de Larga Duración",1.0,Tzone,Tzone,True,297.0,297.0,fixed,False,1143,1069,204,0.3059,False,1809,True,11,11,0,0,0,2,2,0,0,1
